<?xml version="1.0"?>
<!--<!DOCTYPE metadata SYSTEM "http://www.esri.com/metadata/esriprof80.dtd">-->
<metadata xml:lang="en"><Esri><MetaID>{2A364449-ED2F-48F8-800A-55379786D332}</MetaID><CreaDate>20100915</CreaDate><CreaTime>14520600</CreaTime><SyncOnce>TRUE</SyncOnce><DataProperties><lineage><Process ToolSource="C:\Program Files (x86)\ArcGIS\ArcToolbox\Toolboxes\Data Management Tools.tbx\CopyFeatures" Date="20100915" Time="145206">CopyFeatures Targets_lyr E:\Projects\Zoology\Fish\Shapefiles\Syngnathus_scovelli.shp # 0 0 0</Process></lineage></DataProperties></Esri></metadata>
