<?xml version="1.0"?>
<!--<!DOCTYPE metadata SYSTEM "http://www.esri.com/metadata/esriprof80.dtd">-->
<metadata xml:lang="en"><Esri><MetaID>{A4313660-7796-465D-B2CF-ED34686F1727}</MetaID><CreaDate>20100915</CreaDate><CreaTime>15392400</CreaTime><SyncOnce>TRUE</SyncOnce><DataProperties><lineage><Process ToolSource="C:\Program Files (x86)\ArcGIS\ArcToolbox\Toolboxes\Data Management Tools.tbx\CopyFeatures" Date="20100915" Time="153924">CopyFeatures Targets_lyr E:\Projects\Zoology\Fish\Shapefiles\Nocomis_leptocephalus.shp # 0 0 0</Process></lineage></DataProperties></Esri></metadata>
