<?xml version="1.0"?>
<!--<!DOCTYPE metadata SYSTEM "http://www.esri.com/metadata/esriprof80.dtd">-->
<metadata xml:lang="en"><Esri><MetaID>{37C1EA24-4026-479D-B86F-BC229BBFCD69}</MetaID><CreaDate>20100915</CreaDate><CreaTime>15432200</CreaTime><SyncOnce>TRUE</SyncOnce><DataProperties><lineage><Process ToolSource="C:\Program Files (x86)\ArcGIS\ArcToolbox\Toolboxes\Data Management Tools.tbx\CopyFeatures" Date="20100915" Time="154322">CopyFeatures Targets_lyr E:\Projects\Zoology\Fish\Shapefiles\Nocomis_biguttatus.shp # 0 0 0</Process></lineage></DataProperties></Esri></metadata>
