<?xml version="1.0"?>
<!--<!DOCTYPE metadata SYSTEM "http://www.esri.com/metadata/esriprof80.dtd">-->
<metadata xml:lang="en"><Esri><MetaID>{150362F8-A12E-4216-846B-C24DA28A973F}</MetaID><CreaDate>20100915</CreaDate><CreaTime>15203900</CreaTime><SyncOnce>TRUE</SyncOnce><DataProperties><lineage><Process ToolSource="C:\Program Files (x86)\ArcGIS\ArcToolbox\Toolboxes\Data Management Tools.tbx\CopyFeatures" Date="20100915" Time="152039">CopyFeatures Targets_lyr E:\Projects\Zoology\Fish\Shapefiles\Nocomis_platyrhynchus.shp # 0 0 0</Process></lineage></DataProperties></Esri></metadata>
