<?xml version="1.0"?>
<!--<!DOCTYPE metadata SYSTEM "http://www.esri.com/metadata/esriprof80.dtd">-->
<metadata xml:lang="en"><Esri><MetaID>{306EBD86-21E9-4F56-BCA3-A4CFD69BB71E}</MetaID><CreaDate>20100915</CreaDate><CreaTime>14502100</CreaTime><SyncOnce>TRUE</SyncOnce><DataProperties><lineage><Process ToolSource="C:\Program Files (x86)\ArcGIS\ArcToolbox\Toolboxes\Data Management Tools.tbx\CopyFeatures" Date="20100915" Time="145021">CopyFeatures Targets_lyr E:\Projects\Zoology\Fish\Shapefiles\Notropis_chalybaeus.shp # 0 0 0</Process></lineage></DataProperties></Esri></metadata>
