<?xml version="1.0"?>
<!--<!DOCTYPE metadata SYSTEM "http://www.esri.com/metadata/esriprof80.dtd">-->
<metadata xml:lang="en"><Esri><MetaID>{E6F16B49-325A-43C6-B2CA-CDDF55D230FF}</MetaID><CreaDate>20100915</CreaDate><CreaTime>15272600</CreaTime><SyncOnce>TRUE</SyncOnce><DataProperties><lineage><Process ToolSource="C:\Program Files (x86)\ArcGIS\ArcToolbox\Toolboxes\Data Management Tools.tbx\CopyFeatures" Date="20100915" Time="152726">CopyFeatures Targets_lyr E:\Projects\Zoology\Fish\Shapefiles\Notropis_heterodon.shp # 0 0 0</Process></lineage></DataProperties></Esri></metadata>
