<?xml version="1.0"?>
<!--<!DOCTYPE metadata SYSTEM "http://www.esri.com/metadata/esriprof80.dtd">-->
<metadata xml:lang="en"><Esri><MetaID>{DA97A930-BFF4-4751-A378-00180F203B2A}</MetaID><CreaDate>20100915</CreaDate><CreaTime>15471200</CreaTime><SyncOnce>TRUE</SyncOnce><DataProperties><lineage><Process ToolSource="C:\Program Files (x86)\ArcGIS\ArcToolbox\Toolboxes\Data Management Tools.tbx\CopyFeatures" Date="20100915" Time="154712">CopyFeatures Targets_lyr E:\Projects\Zoology\Fish\Shapefiles\Notropis_ammophilus.shp # 0 0 0</Process></lineage></DataProperties></Esri></metadata>
