<?xml version="1.0"?>
<!--<!DOCTYPE metadata SYSTEM "http://www.esri.com/metadata/esriprof80.dtd">-->
<metadata xml:lang="en"><Esri><MetaID>{BB48882A-6FBF-4A23-B383-75CB80CE12A2}</MetaID><CreaDate>20100915</CreaDate><CreaTime>15363000</CreaTime><SyncOnce>TRUE</SyncOnce><DataProperties><lineage><Process ToolSource="C:\Program Files (x86)\ArcGIS\ArcToolbox\Toolboxes\Data Management Tools.tbx\CopyFeatures" Date="20100915" Time="153630">CopyFeatures Targets_lyr E:\Projects\Zoology\Fish\Shapefiles\Notropis_atrocaudalis.shp # 0 0 0</Process></lineage></DataProperties></Esri></metadata>
