<?xml version="1.0"?>
<!--<!DOCTYPE metadata SYSTEM "http://www.esri.com/metadata/esriprof80.dtd">-->
<metadata xml:lang="en"><Esri><MetaID>{1DE1F000-D52D-419B-B662-E9A02D80901E}</MetaID><CreaDate>20100915</CreaDate><CreaTime>15270300</CreaTime><SyncOnce>TRUE</SyncOnce><DataProperties><lineage><Process ToolSource="C:\Program Files (x86)\ArcGIS\ArcToolbox\Toolboxes\Data Management Tools.tbx\CopyFeatures" Date="20100915" Time="152703">CopyFeatures Targets_lyr E:\Projects\Zoology\Fish\Shapefiles\Notropis_chiliticus.shp # 0 0 0</Process></lineage></DataProperties></Esri></metadata>
