<?xml version="1.0"?>
<!--<!DOCTYPE metadata SYSTEM "http://www.esri.com/metadata/esriprof80.dtd">-->
<metadata xml:lang="en"><Esri><MetaID>{F56C9D81-9BFD-438C-ABC5-8A6755003A8B}</MetaID><CreaDate>20100915</CreaDate><CreaTime>14520500</CreaTime><SyncOnce>TRUE</SyncOnce><DataProperties><lineage><Process ToolSource="C:\Program Files (x86)\ArcGIS\ArcToolbox\Toolboxes\Data Management Tools.tbx\CopyFeatures" Date="20100915" Time="145205">CopyFeatures Targets_lyr E:\Projects\Zoology\Fish\Shapefiles\Notropis_atherinoides.shp # 0 0 0</Process></lineage></DataProperties></Esri></metadata>
