<?xml version="1.0"?>
<!--<!DOCTYPE metadata SYSTEM "http://www.esri.com/metadata/esriprof80.dtd">-->
<metadata xml:lang="en"><Esri><MetaID>{9B7272BD-162A-4CA6-927D-D3858A004A64}</MetaID><CreaDate>20100915</CreaDate><CreaTime>14515000</CreaTime><SyncOnce>TRUE</SyncOnce><DataProperties><lineage><Process ToolSource="C:\Program Files (x86)\ArcGIS\ArcToolbox\Toolboxes\Data Management Tools.tbx\CopyFeatures" Date="20100915" Time="145150">CopyFeatures Targets_lyr E:\Projects\Zoology\Fish\Shapefiles\Notropis_amabilis.shp # 0 0 0</Process></lineage></DataProperties></Esri></metadata>
