<?xml version="1.0"?>
<!--<!DOCTYPE metadata SYSTEM "http://www.esri.com/metadata/esriprof80.dtd">-->
<metadata xml:lang="en"><Esri><MetaID>{332DE708-FFC9-414D-8649-A6881781026A}</MetaID><CreaDate>20100915</CreaDate><CreaTime>15485100</CreaTime><SyncOnce>TRUE</SyncOnce><DataProperties><lineage><Process ToolSource="C:\Program Files (x86)\ArcGIS\ArcToolbox\Toolboxes\Data Management Tools.tbx\CopyFeatures" Date="20100915" Time="154851">CopyFeatures Targets_lyr E:\Projects\Zoology\Fish\Shapefiles\Notropis_baileyi.shp # 0 0 0</Process></lineage></DataProperties></Esri></metadata>
