<?xml version="1.0"?>
<!--<!DOCTYPE metadata SYSTEM "http://www.esri.com/metadata/esriprof80.dtd">-->
<metadata xml:lang="en"><Esri><MetaID>{AF6514B3-798D-4EE9-85C0-8F374DDE9C40}</MetaID><CreaDate>20100915</CreaDate><CreaTime>15214300</CreaTime><SyncOnce>TRUE</SyncOnce><DataProperties><lineage><Process ToolSource="C:\Program Files (x86)\ArcGIS\ArcToolbox\Toolboxes\Data Management Tools.tbx\CopyFeatures" Date="20100915" Time="152143">CopyFeatures Targets_lyr E:\Projects\Zoology\Fish\Shapefiles\Notropis_boops.shp # 0 0 0</Process></lineage></DataProperties></Esri></metadata>
