<?xml version="1.0"?>
<!--<!DOCTYPE metadata SYSTEM "http://www.esri.com/metadata/esriprof80.dtd">-->
<metadata xml:lang="en"><Esri><MetaID>{34BB76AA-8E38-4DA8-9B49-4790CE275793}</MetaID><CreaDate>20100915</CreaDate><CreaTime>15421500</CreaTime><SyncOnce>TRUE</SyncOnce><DataProperties><lineage><Process ToolSource="C:\Program Files (x86)\ArcGIS\ArcToolbox\Toolboxes\Data Management Tools.tbx\CopyFeatures" Date="20100915" Time="154215">CopyFeatures Targets_lyr E:\Projects\Zoology\Fish\Shapefiles\Notropis_cahabae.shp # 0 0 0</Process></lineage></DataProperties></Esri></metadata>
