<?xml version="1.0"?>
<!--<!DOCTYPE metadata SYSTEM "http://www.esri.com/metadata/esriprof80.dtd">-->
<metadata xml:lang="en"><Esri><MetaID>{69C7E0BC-5074-49A2-A031-0B572687DCFC}</MetaID><CreaDate>20100915</CreaDate><CreaTime>15155400</CreaTime><SyncOnce>TRUE</SyncOnce><DataProperties><lineage><Process ToolSource="C:\Program Files (x86)\ArcGIS\ArcToolbox\Toolboxes\Data Management Tools.tbx\CopyFeatures" Date="20100915" Time="151554">CopyFeatures Targets_lyr E:\Projects\Zoology\Fish\Shapefiles\Notropis_altipinnis.shp # 0 0 0</Process></lineage></DataProperties></Esri></metadata>
