<?xml version="1.0"?>
<!--<!DOCTYPE metadata SYSTEM "http://www.esri.com/metadata/esriprof80.dtd">-->
<metadata xml:lang="en"><Esri><MetaID>{34957372-30D0-4912-BBD0-4F08DC212CFA}</MetaID><CreaDate>20100915</CreaDate><CreaTime>15415100</CreaTime><SyncOnce>TRUE</SyncOnce><DataProperties><lineage><Process ToolSource="C:\Program Files (x86)\ArcGIS\ArcToolbox\Toolboxes\Data Management Tools.tbx\CopyFeatures" Date="20100915" Time="154151">CopyFeatures Targets_lyr E:\Projects\Zoology\Fish\Shapefiles\Notropis_chrosomus.shp # 0 0 0</Process></lineage></DataProperties></Esri></metadata>
