<?xml version="1.0"?>
<!--<!DOCTYPE metadata SYSTEM "http://www.esri.com/metadata/esriprof80.dtd">-->
<metadata xml:lang="en"><Esri><MetaID>{5D36CC7F-AB41-4691-94D5-CC3C62FA170D}</MetaID><CreaDate>20100915</CreaDate><CreaTime>15383400</CreaTime><SyncOnce>TRUE</SyncOnce><DataProperties><lineage><Process ToolSource="C:\Program Files (x86)\ArcGIS\ArcToolbox\Toolboxes\Data Management Tools.tbx\CopyFeatures" Date="20100915" Time="153834">CopyFeatures Targets_lyr E:\Projects\Zoology\Fish\Shapefiles\Notropis_amoenus.shp # 0 0 0</Process></lineage></DataProperties></Esri></metadata>
