<?xml version="1.0"?>
<!--<!DOCTYPE metadata SYSTEM "http://www.esri.com/metadata/esriprof80.dtd">-->
<metadata xml:lang="en"><Esri><MetaID>{6B8F3AC9-0CB7-46DD-9E2A-74ECC2A8D51A}</MetaID><CreaDate>20100915</CreaDate><CreaTime>15374300</CreaTime><SyncOnce>TRUE</SyncOnce><DataProperties><lineage><Process ToolSource="C:\Program Files (x86)\ArcGIS\ArcToolbox\Toolboxes\Data Management Tools.tbx\CopyFeatures" Date="20100915" Time="153743">CopyFeatures Targets_lyr E:\Projects\Zoology\Fish\Shapefiles\Notropis_cummingsae.shp # 0 0 0</Process></lineage></DataProperties></Esri></metadata>
