<?xml version="1.0"?>
<!--<!DOCTYPE metadata SYSTEM "http://www.esri.com/metadata/esriprof80.dtd">-->
<metadata xml:lang="en"><Esri><MetaID>{3C180AC5-2C3C-433B-B5BF-6A0237EA3987}</MetaID><CreaDate>20100915</CreaDate><CreaTime>15260000</CreaTime><SyncOnce>TRUE</SyncOnce><DataProperties><lineage><Process ToolSource="C:\Program Files (x86)\ArcGIS\ArcToolbox\Toolboxes\Data Management Tools.tbx\CopyFeatures" Date="20100915" Time="152600">CopyFeatures Targets_lyr E:\Projects\Zoology\Fish\Shapefiles\Notropis_leuciodus.shp # 0 0 0</Process></lineage></DataProperties></Esri></metadata>
