<?xml version="1.0"?>
<!--<!DOCTYPE metadata SYSTEM "http://www.esri.com/metadata/esriprof80.dtd">-->
<metadata xml:lang="en"><Esri><MetaID>{F72491A6-98D7-4D0F-8C03-6DF4CE85E687}</MetaID><CreaDate>20100915</CreaDate><CreaTime>15381300</CreaTime><SyncOnce>TRUE</SyncOnce><DataProperties><lineage><Process ToolSource="C:\Program Files (x86)\ArcGIS\ArcToolbox\Toolboxes\Data Management Tools.tbx\CopyFeatures" Date="20100915" Time="153813">CopyFeatures Targets_lyr E:\Projects\Zoology\Fish\Shapefiles\Notropis_hypsilepis.shp # 0 0 0</Process></lineage></DataProperties></Esri></metadata>
