<?xml version="1.0"?>
<!--<!DOCTYPE metadata SYSTEM "http://www.esri.com/metadata/esriprof80.dtd">-->
<metadata xml:lang="en"><Esri><MetaID>{407C765F-F05C-4272-BBE0-560F0EB11D10}</MetaID><CreaDate>20100915</CreaDate><CreaTime>15375500</CreaTime><SyncOnce>TRUE</SyncOnce><DataProperties><lineage><Process ToolSource="C:\Program Files (x86)\ArcGIS\ArcToolbox\Toolboxes\Data Management Tools.tbx\CopyFeatures" Date="20100915" Time="153755">CopyFeatures Targets_lyr E:\Projects\Zoology\Fish\Shapefiles\Notropis_buchanani.shp # 0 0 0</Process></lineage></DataProperties></Esri></metadata>
