<?xml version="1.0"?>
<!--<!DOCTYPE metadata SYSTEM "http://www.esri.com/metadata/esriprof80.dtd">-->
<metadata xml:lang="en"><Esri><MetaID>{141FDE70-9E82-47B8-ABCA-4C6A394363A2}</MetaID><CreaDate>20100915</CreaDate><CreaTime>15510800</CreaTime><SyncOnce>TRUE</SyncOnce><DataProperties><lineage><Process ToolSource="C:\Program Files (x86)\ArcGIS\ArcToolbox\Toolboxes\Data Management Tools.tbx\CopyFeatures" Date="20100915" Time="155108">CopyFeatures Targets_lyr E:\Projects\Zoology\Fish\Shapefiles\Notropis_ariommus.shp # 0 0 0</Process></lineage></DataProperties></Esri></metadata>
