<?xml version="1.0"?>
<!--<!DOCTYPE metadata SYSTEM "http://www.esri.com/metadata/esriprof80.dtd">-->
<metadata xml:lang="en"><Esri><MetaID>{C20616D1-F122-4CD9-A07D-E19D852A4973}</MetaID><CreaDate>20100915</CreaDate><CreaTime>15513400</CreaTime><SyncOnce>TRUE</SyncOnce><DataProperties><lineage><Process ToolSource="C:\Program Files (x86)\ArcGIS\ArcToolbox\Toolboxes\Data Management Tools.tbx\CopyFeatures" Date="20100915" Time="155134">CopyFeatures Targets_lyr E:\Projects\Zoology\Fish\Shapefiles\Notropis_micropteryx.shp # 0 0 0</Process></lineage></DataProperties></Esri></metadata>
