<?xml version="1.0"?>
<!--<!DOCTYPE metadata SYSTEM "http://www.esri.com/metadata/esriprof80.dtd">-->
<metadata xml:lang="en"><Esri><MetaID>{18B2D6DE-543E-41F4-A041-AC017554A971}</MetaID><CreaDate>20100915</CreaDate><CreaTime>15541000</CreaTime><SyncOnce>TRUE</SyncOnce><DataProperties><lineage><Process ToolSource="C:\Program Files (x86)\ArcGIS\ArcToolbox\Toolboxes\Data Management Tools.tbx\CopyFeatures" Date="20100915" Time="155410">CopyFeatures Targets_lyr E:\Projects\Zoology\Fish\Shapefiles\Notropis_amplamala.shp # 0 0 0</Process></lineage></DataProperties></Esri></metadata>
