<?xml version="1.0"?>
<!--<!DOCTYPE metadata SYSTEM "http://www.esri.com/metadata/esriprof80.dtd">-->
<metadata xml:lang="en"><Esri><MetaID>{FA9CD157-9B76-4BE2-9221-9FE874A700BF}</MetaID><CreaDate>20100915</CreaDate><CreaTime>15224800</CreaTime><SyncOnce>TRUE</SyncOnce><DataProperties><lineage><Process ToolSource="C:\Program Files (x86)\ArcGIS\ArcToolbox\Toolboxes\Data Management Tools.tbx\CopyFeatures" Date="20100915" Time="152248">CopyFeatures Targets_lyr E:\Projects\Zoology\Fish\Shapefiles\Notropis_alborus.shp # 0 0 0</Process></lineage></DataProperties></Esri></metadata>
