<?xml version="1.0"?>
<!--<!DOCTYPE metadata SYSTEM "http://www.esri.com/metadata/esriprof80.dtd">-->
<metadata xml:lang="en"><Esri><MetaID>{57AA8BAE-B966-4108-88D7-1318E3E91089}</MetaID><CreaDate>20100915</CreaDate><CreaTime>15424600</CreaTime><SyncOnce>TRUE</SyncOnce><DataProperties><lineage><Process ToolSource="C:\Program Files (x86)\ArcGIS\ArcToolbox\Toolboxes\Data Management Tools.tbx\CopyFeatures" Date="20100915" Time="154246">CopyFeatures Targets_lyr E:\Projects\Zoology\Fish\Shapefiles\Notropis_edwardraneyi.shp # 0 0 0</Process></lineage></DataProperties></Esri></metadata>
