<?xml version="1.0"?>
<!--<!DOCTYPE metadata SYSTEM "http://www.esri.com/metadata/esriprof80.dtd">-->
<metadata xml:lang="en"><Esri><MetaID>{75A41931-0617-4C4F-BCD3-39F69D68BF1E}</MetaID><CreaDate>20100915</CreaDate><CreaTime>15134200</CreaTime><SyncOnce>TRUE</SyncOnce><DataProperties><lineage><Process ToolSource="C:\Program Files (x86)\ArcGIS\ArcToolbox\Toolboxes\Data Management Tools.tbx\CopyFeatures" Date="20100915" Time="151342">CopyFeatures Targets_lyr E:\Projects\Zoology\Fish\Shapefiles\Notropis_melanostomus.shp # 0 0 0</Process></lineage></DataProperties></Esri></metadata>
