<?xml version="1.0"?>
<!--<!DOCTYPE metadata SYSTEM "http://www.esri.com/metadata/esriprof80.dtd">-->
<metadata xml:lang="en"><Esri><MetaID>{A62D4872-38A8-469C-ABC4-825ACC8B1DD8}</MetaID><CreaDate>20100915</CreaDate><CreaTime>15320700</CreaTime><SyncOnce>TRUE</SyncOnce><DataProperties><lineage><Process ToolSource="C:\Program Files (x86)\ArcGIS\ArcToolbox\Toolboxes\Data Management Tools.tbx\CopyFeatures" Date="20100915" Time="153207">CopyFeatures Targets_lyr E:\Projects\Zoology\Fish\Shapefiles\Notropis_mekistocholas.shp # 0 0 0</Process></lineage></DataProperties></Esri></metadata>
