<?xml version="1.0"?>
<!--<!DOCTYPE metadata SYSTEM "http://www.esri.com/metadata/esriprof80.dtd">-->
<metadata xml:lang="en"><Esri><MetaID>{0D50B4F2-A3E2-4E72-9121-F8381674EB2E}</MetaID><CreaDate>20100915</CreaDate><CreaTime>15473800</CreaTime><SyncOnce>TRUE</SyncOnce><DataProperties><lineage><Process ToolSource="C:\Program Files (x86)\ArcGIS\ArcToolbox\Toolboxes\Data Management Tools.tbx\CopyFeatures" Date="20100915" Time="154738">CopyFeatures Targets_lyr E:\Projects\Zoology\Fish\Shapefiles\Richardsonius_egregius.shp # 0 0 0</Process></lineage></DataProperties></Esri></metadata>
