<?xml version="1.0"?>
<!--<!DOCTYPE metadata SYSTEM "http://www.esri.com/metadata/esriprof80.dtd">-->
<metadata xml:lang="en"><Esri><MetaID>{0F1AA8B7-9861-466F-B723-613513DE3857}</MetaID><CreaDate>20100915</CreaDate><CreaTime>15204900</CreaTime><SyncOnce>TRUE</SyncOnce><DataProperties><lineage><Process ToolSource="C:\Program Files (x86)\ArcGIS\ArcToolbox\Toolboxes\Data Management Tools.tbx\CopyFeatures" Date="20100915" Time="152049">CopyFeatures Targets_lyr E:\Projects\Zoology\Fish\Shapefiles\Umbra_pygmaea.shp # 0 0 0</Process></lineage></DataProperties></Esri></metadata>
