<?xml version="1.0"?>
<!--<!DOCTYPE metadata SYSTEM "http://www.esri.com/metadata/esriprof80.dtd">-->
<metadata xml:lang="en"><Esri><MetaID>{803D7E4C-914E-4FE6-8CCA-89E1B03C39FC}</MetaID><CreaDate>20100915</CreaDate><CreaTime>15212400</CreaTime><SyncOnce>TRUE</SyncOnce><DataProperties><lineage><Process ToolSource="C:\Program Files (x86)\ArcGIS\ArcToolbox\Toolboxes\Data Management Tools.tbx\CopyFeatures" Date="20100915" Time="152124">CopyFeatures Targets_lyr E:\Projects\Zoology\Fish\Shapefiles\Thoburnia_rhothoeca.shp # 0 0 0</Process></lineage></DataProperties></Esri></metadata>
