<?xml version="1.0"?>
<!--<!DOCTYPE metadata SYSTEM "http://www.esri.com/metadata/esriprof80.dtd">-->
<metadata xml:lang="en"><Esri><MetaID>{D03D7968-C1F2-478D-B917-44BB7462705E}</MetaID><CreaDate>20100915</CreaDate><CreaTime>15230400</CreaTime><SyncOnce>TRUE</SyncOnce><DataProperties><lineage><Process ToolSource="C:\Program Files (x86)\ArcGIS\ArcToolbox\Toolboxes\Data Management Tools.tbx\CopyFeatures" Date="20100915" Time="152304">CopyFeatures Targets_lyr E:\Projects\Zoology\Fish\Shapefiles\Oncorhynchus_kisutch.shp # 0 0 0</Process></lineage></DataProperties></Esri></metadata>
