<?xml version="1.0"?>
<!--<!DOCTYPE metadata SYSTEM "http://www.esri.com/metadata/esriprof80.dtd">-->
<metadata xml:lang="en"><Esri><MetaID>{42B07AA5-6EF4-45F3-A29E-CF86D3E8B120}</MetaID><CreaDate>20100915</CreaDate><CreaTime>15265200</CreaTime><SyncOnce>TRUE</SyncOnce><DataProperties><lineage><Process ToolSource="C:\Program Files (x86)\ArcGIS\ArcToolbox\Toolboxes\Data Management Tools.tbx\CopyFeatures" Date="20100915" Time="152652">CopyFeatures Targets_lyr E:\Projects\Zoology\Fish\Shapefiles\Oncorhynchus_keta.shp # 0 0 0</Process></lineage></DataProperties></Esri></metadata>
