<?xml version="1.0"?>
<!--<!DOCTYPE metadata SYSTEM "http://www.esri.com/metadata/esriprof80.dtd">-->
<metadata xml:lang="en"><Esri><MetaID>{EF8C22FC-8C19-4666-B577-28304BD9B4F9}</MetaID><CreaDate>20100915</CreaDate><CreaTime>15130400</CreaTime><SyncOnce>TRUE</SyncOnce><DataProperties><lineage><Process ToolSource="C:\Program Files (x86)\ArcGIS\ArcToolbox\Toolboxes\Data Management Tools.tbx\CopyFeatures" Date="20100915" Time="151304">CopyFeatures Targets_lyr E:\Projects\Zoology\Fish\Shapefiles\Oncorhynchus_nerka.shp # 0 0 0</Process></lineage></DataProperties></Esri></metadata>
