<?xml version="1.0"?>
<!--<!DOCTYPE metadata SYSTEM "http://www.esri.com/metadata/esriprof80.dtd">-->
<metadata xml:lang="en"><Esri><MetaID>{D93FBA4C-F4F8-4CB9-B44C-6344A719DBF1}</MetaID><CreaDate>20100915</CreaDate><CreaTime>15315900</CreaTime><SyncOnce>TRUE</SyncOnce><DataProperties><lineage><Process ToolSource="C:\Program Files (x86)\ArcGIS\ArcToolbox\Toolboxes\Data Management Tools.tbx\CopyFeatures" Date="20100915" Time="153159">CopyFeatures Targets_lyr E:\Projects\Zoology\Fish\Shapefiles\Oncorhynchus_gorbuscha.shp # 0 0 0</Process></lineage></DataProperties></Esri></metadata>
