<?xml version="1.0"?>
<!--<!DOCTYPE metadata SYSTEM "http://www.esri.com/metadata/esriprof80.dtd">-->
<metadata xml:lang="en"><Esri><MetaID>{74ED71FA-B79E-488F-988F-737CBC60EB61}</MetaID><CreaDate>20100915</CreaDate><CreaTime>15224300</CreaTime><SyncOnce>TRUE</SyncOnce><DataProperties><lineage><Process ToolSource="C:\Program Files (x86)\ArcGIS\ArcToolbox\Toolboxes\Data Management Tools.tbx\CopyFeatures" Date="20100915" Time="152243">CopyFeatures Targets_lyr E:\Projects\Zoology\Fish\Shapefiles\Oncorhynchus_tshawytscha.shp # 0 0 0</Process></lineage></DataProperties></Esri></metadata>
