<?xml version="1.0"?>
<!--<!DOCTYPE metadata SYSTEM "http://www.esri.com/metadata/esriprof80.dtd">-->
<metadata xml:lang="en"><Esri><MetaID>{61BBA90B-9AE1-4E81-8233-F22E7F833738}</MetaID><CreaDate>20100915</CreaDate><CreaTime>15510400</CreaTime><SyncOnce>TRUE</SyncOnce><DataProperties><lineage><Process ToolSource="C:\Program Files (x86)\ArcGIS\ArcToolbox\Toolboxes\Data Management Tools.tbx\CopyFeatures" Date="20100915" Time="155104">CopyFeatures Targets_lyr E:\Projects\Zoology\Fish\Shapefiles\Opsopoeodus_emiliae.shp # 0 0 0</Process></lineage></DataProperties></Esri></metadata>
