<?xml version="1.0"?>
<!--<!DOCTYPE metadata SYSTEM "http://www.esri.com/metadata/esriprof80.dtd">-->
<metadata xml:lang="en"><Esri><MetaID>{5435398E-B878-4305-8CED-8539EFE1FCD3}</MetaID><CreaDate>20100915</CreaDate><CreaTime>15273500</CreaTime><SyncOnce>TRUE</SyncOnce><DataProperties><lineage><Process ToolSource="C:\Program Files (x86)\ArcGIS\ArcToolbox\Toolboxes\Data Management Tools.tbx\CopyFeatures" Date="20100915" Time="152735">CopyFeatures Targets_lyr E:\Projects\Zoology\Fish\Shapefiles\Oregonichthys_kalawatseti.shp # 0 0 0</Process></lineage></DataProperties></Esri></metadata>
