<?xml version="1.0"?>
<!--<!DOCTYPE metadata SYSTEM "http://www.esri.com/metadata/esriprof80.dtd">-->
<metadata xml:lang="en"><Esri><MetaID>{1E682FF0-D169-44F2-818A-92E932386403}</MetaID><CreaDate>20100915</CreaDate><CreaTime>15301900</CreaTime><SyncOnce>TRUE</SyncOnce><DataProperties><lineage><Process ToolSource="C:\Program Files (x86)\ArcGIS\ArcToolbox\Toolboxes\Data Management Tools.tbx\CopyFeatures" Date="20100915" Time="153019">CopyFeatures Targets_lyr E:\Projects\Zoology\Fish\Shapefiles\Oregonichthys_crameri.shp # 0 0 0</Process></lineage></DataProperties></Esri></metadata>
