<?xml version="1.0"?>
<!--<!DOCTYPE metadata SYSTEM "http://www.esri.com/metadata/esriprof80.dtd">-->
<metadata xml:lang="en"><Esri><MetaID>{4E662A5B-459B-456C-A58C-45A01FB1FBFE}</MetaID><CreaDate>20100915</CreaDate><CreaTime>15234400</CreaTime><SyncOnce>TRUE</SyncOnce><DataProperties><lineage><Process ToolSource="C:\Program Files (x86)\ArcGIS\ArcToolbox\Toolboxes\Data Management Tools.tbx\CopyFeatures" Date="20100915" Time="152344">CopyFeatures Targets_lyr E:\Projects\Zoology\Fish\Shapefiles\Campostoma_anomalum.shp # 0 0 0</Process></lineage></DataProperties></Esri></metadata>
