<?xml version="1.0"?>
<!--<!DOCTYPE metadata SYSTEM "http://www.esri.com/metadata/esriprof80.dtd">-->
<metadata xml:lang="en"><Esri><MetaID>{6E0FB181-45AA-4B60-BACD-3150EB71413E}</MetaID><CreaDate>20100915</CreaDate><CreaTime>15490200</CreaTime><SyncOnce>TRUE</SyncOnce><DataProperties><lineage><Process ToolSource="C:\Program Files (x86)\ArcGIS\ArcToolbox\Toolboxes\Data Management Tools.tbx\CopyFeatures" Date="20100915" Time="154902">CopyFeatures Targets_lyr E:\Projects\Zoology\Fish\Shapefiles\Carpiodes_cyprinus.shp # 0 0 0</Process></lineage></DataProperties></Esri></metadata>
