<?xml version="1.0"?>
<!--<!DOCTYPE metadata SYSTEM "http://www.esri.com/metadata/esriprof80.dtd">-->
<metadata xml:lang="en"><Esri><MetaID>{6FD17DDE-110C-45B8-B300-3B7C0DE2C3CA}</MetaID><CreaDate>20100915</CreaDate><CreaTime>15472200</CreaTime><SyncOnce>TRUE</SyncOnce><DataProperties><lineage><Process ToolSource="C:\Program Files (x86)\ArcGIS\ArcToolbox\Toolboxes\Data Management Tools.tbx\CopyFeatures" Date="20100915" Time="154722">CopyFeatures Targets_lyr E:\Projects\Zoology\Fish\Shapefiles\Carpiodes_velifer.shp # 0 0 0</Process></lineage></DataProperties></Esri></metadata>
