<?xml version="1.0"?>
<!--<!DOCTYPE metadata SYSTEM "http://www.esri.com/metadata/esriprof80.dtd">-->
<metadata xml:lang="en"><Esri><MetaID>{978EB3A9-5EF9-4D9E-B125-B019AB0423BF}</MetaID><CreaDate>20100915</CreaDate><CreaTime>15270500</CreaTime><SyncOnce>TRUE</SyncOnce><DataProperties><lineage><Process ToolSource="C:\Program Files (x86)\ArcGIS\ArcToolbox\Toolboxes\Data Management Tools.tbx\CopyFeatures" Date="20100915" Time="152705">CopyFeatures Targets_lyr E:\Projects\Zoology\Fish\Shapefiles\Catostomus_ardens.shp # 0 0 0</Process></lineage></DataProperties></Esri></metadata>
