<?xml version="1.0"?>
<!--<!DOCTYPE metadata SYSTEM "http://www.esri.com/metadata/esriprof80.dtd">-->
<metadata xml:lang="en"><Esri><MetaID>{C96370D4-E50E-4B7E-8322-E78C334890AA}</MetaID><CreaDate>20100915</CreaDate><CreaTime>15474100</CreaTime><SyncOnce>TRUE</SyncOnce><DataProperties><lineage><Process ToolSource="C:\Program Files (x86)\ArcGIS\ArcToolbox\Toolboxes\Data Management Tools.tbx\CopyFeatures" Date="20100915" Time="154741">CopyFeatures Targets_lyr E:\Projects\Zoology\Fish\Shapefiles\Catostomus_columbianus.shp # 0 0 0</Process></lineage></DataProperties></Esri></metadata>
