<?xml version="1.0"?>
<!--<!DOCTYPE metadata SYSTEM "http://www.esri.com/metadata/esriprof80.dtd">-->
<metadata xml:lang="en"><Esri><MetaID>{8F4914AB-50DD-4938-8173-80E85C8F9A75}</MetaID><CreaDate>20100915</CreaDate><CreaTime>14505200</CreaTime><SyncOnce>TRUE</SyncOnce><DataProperties><lineage><Process ToolSource="C:\Program Files (x86)\ArcGIS\ArcToolbox\Toolboxes\Data Management Tools.tbx\CopyFeatures" Date="20100915" Time="145052">CopyFeatures Targets_lyr E:\Projects\Zoology\Fish\Shapefiles\Catostomus_clarkii.shp # 0 0 0</Process></lineage></DataProperties></Esri></metadata>
