<?xml version="1.0"?>
<!--<!DOCTYPE metadata SYSTEM "http://www.esri.com/metadata/esriprof80.dtd">-->
<metadata xml:lang="en"><Esri><MetaID>{80297F1A-C002-4E08-A075-F8AB1FC6E850}</MetaID><CreaDate>20100915</CreaDate><CreaTime>15545600</CreaTime><SyncOnce>TRUE</SyncOnce><DataProperties><lineage><Process ToolSource="C:\Program Files (x86)\ArcGIS\ArcToolbox\Toolboxes\Data Management Tools.tbx\CopyFeatures" Date="20100915" Time="155456">CopyFeatures Targets_lyr E:\Projects\Zoology\Fish\Shapefiles\Catostomus_utawana.shp # 0 0 0</Process></lineage></DataProperties></Esri></metadata>
