<?xml version="1.0"?>
<!--<!DOCTYPE metadata SYSTEM "http://www.esri.com/metadata/esriprof80.dtd">-->
<metadata xml:lang="en"><Esri><MetaID>{289ECD31-D808-43F8-A2B5-D57411BE9A5D}</MetaID><CreaDate>20100915</CreaDate><CreaTime>15142700</CreaTime><SyncOnce>TRUE</SyncOnce><DataProperties><lineage><Process ToolSource="C:\Program Files (x86)\ArcGIS\ArcToolbox\Toolboxes\Data Management Tools.tbx\CopyFeatures" Date="20100915" Time="151427">CopyFeatures Targets_lyr E:\Projects\Zoology\Fish\Shapefiles\Catostomus_microps.shp # 0 0 0</Process></lineage></DataProperties></Esri></metadata>
