<?xml version="1.0"?>
<!--<!DOCTYPE metadata SYSTEM "http://www.esri.com/metadata/esriprof80.dtd">-->
<metadata xml:lang="en"><Esri><MetaID>{A4399466-CD0B-4C82-871F-AF0351707C0D}</MetaID><CreaDate>20100915</CreaDate><CreaTime>15263400</CreaTime><SyncOnce>TRUE</SyncOnce><DataProperties><lineage><Process ToolSource="C:\Program Files (x86)\ArcGIS\ArcToolbox\Toolboxes\Data Management Tools.tbx\CopyFeatures" Date="20100915" Time="152634">CopyFeatures Targets_lyr E:\Projects\Zoology\Fish\Shapefiles\Catostomus_bernardini.shp # 0 0 0</Process></lineage></DataProperties></Esri></metadata>
