<?xml version="1.0"?>
<!--<!DOCTYPE metadata SYSTEM "http://www.esri.com/metadata/esriprof80.dtd">-->
<metadata xml:lang="en"><Esri><MetaID>{3D9632EA-CD6E-45D5-B641-20A44FEC556A}</MetaID><CreaDate>20100915</CreaDate><CreaTime>15390600</CreaTime><SyncOnce>TRUE</SyncOnce><DataProperties><lineage><Process ToolSource="C:\Program Files (x86)\ArcGIS\ArcToolbox\Toolboxes\Data Management Tools.tbx\CopyFeatures" Date="20100915" Time="153906">CopyFeatures Targets_lyr E:\Projects\Zoology\Fish\Shapefiles\Catostomus_platyrhynchus.shp # 0 0 0</Process></lineage></DataProperties></Esri></metadata>
