<?xml version="1.0"?>
<!--<!DOCTYPE metadata SYSTEM "http://www.esri.com/metadata/esriprof80.dtd">-->
<metadata xml:lang="en"><Esri><MetaID>{B9CD2C0F-EC58-4DAD-994D-69EFE31B6748}</MetaID><CreaDate>20100915</CreaDate><CreaTime>15274900</CreaTime><SyncOnce>TRUE</SyncOnce><DataProperties><lineage><Process ToolSource="C:\Program Files (x86)\ArcGIS\ArcToolbox\Toolboxes\Data Management Tools.tbx\CopyFeatures" Date="20100915" Time="152749">CopyFeatures Targets_lyr E:\Projects\Zoology\Fish\Shapefiles\Catostomus_snyderi.shp # 0 0 0</Process></lineage></DataProperties></Esri></metadata>
