<?xml version="1.0"?>
<!--<!DOCTYPE metadata SYSTEM "http://www.esri.com/metadata/esriprof80.dtd">-->
<metadata xml:lang="en"><Esri><MetaID>{352D2FD9-5380-4F4F-BCBE-A4C3767652DF}</MetaID><CreaDate>20100915</CreaDate><CreaTime>15381100</CreaTime><SyncOnce>TRUE</SyncOnce><DataProperties><lineage><Process ToolSource="C:\Program Files (x86)\ArcGIS\ArcToolbox\Toolboxes\Data Management Tools.tbx\CopyFeatures" Date="20100915" Time="153811">CopyFeatures Targets_lyr E:\Projects\Zoology\Fish\Shapefiles\Catostomus_sp__3.shp # 0 0 0</Process></lineage></DataProperties></Esri></metadata>
