<?xml version="1.0"?>
<!--<!DOCTYPE metadata SYSTEM "http://www.esri.com/metadata/esriprof80.dtd">-->
<metadata xml:lang="en"><Esri><MetaID>{EF78E344-DF7C-4B2D-BFF0-4F78257953CE}</MetaID><CreaDate>20100915</CreaDate><CreaTime>15405500</CreaTime><SyncOnce>TRUE</SyncOnce><DataProperties><lineage><Process ToolSource="C:\Program Files (x86)\ArcGIS\ArcToolbox\Toolboxes\Data Management Tools.tbx\CopyFeatures" Date="20100915" Time="154055">CopyFeatures Targets_lyr E:\Projects\Zoology\Fish\Shapefiles\Centrarchus_macropterus.shp # 0 0 0</Process></lineage></DataProperties></Esri></metadata>
