<?xml version="1.0"?>
<!--<!DOCTYPE metadata SYSTEM "http://www.esri.com/metadata/esriprof80.dtd">-->
<metadata xml:lang="en"><Esri><MetaID>{4F93D354-5768-4772-A3C8-D165015EED27}</MetaID><CreaDate>20100915</CreaDate><CreaTime>15462900</CreaTime><SyncOnce>TRUE</SyncOnce><DataProperties><lineage><Process ToolSource="C:\Program Files (x86)\ArcGIS\ArcToolbox\Toolboxes\Data Management Tools.tbx\CopyFeatures" Date="20100915" Time="154629">CopyFeatures Targets_lyr E:\Projects\Zoology\Fish\Shapefiles\Chasmistes_cujus.shp # 0 0 0</Process></lineage></DataProperties></Esri></metadata>
