<?xml version="1.0"?>
<!--<!DOCTYPE metadata SYSTEM "http://www.esri.com/metadata/esriprof80.dtd">-->
<metadata xml:lang="en"><Esri><MetaID>{808B9818-1ED1-49E6-90AB-B3242733E588}</MetaID><CreaDate>20100915</CreaDate><CreaTime>14500800</CreaTime><SyncOnce>TRUE</SyncOnce><DataProperties><lineage><Process ToolSource="C:\Program Files (x86)\ArcGIS\ArcToolbox\Toolboxes\Data Management Tools.tbx\CopyFeatures" Date="20100915" Time="145008">CopyFeatures Targets_lyr E:\Projects\Zoology\Fish\Shapefiles\Chasmistes_liorus.shp # 0 0 0</Process></lineage></DataProperties></Esri></metadata>
