<?xml version="1.0"?>
<!--<!DOCTYPE metadata SYSTEM "http://www.esri.com/metadata/esriprof80.dtd">-->
<metadata xml:lang="en"><Esri><MetaID>{BDC5584D-DC8E-41F9-A0AC-88E4720AC69C}</MetaID><CreaDate>20100915</CreaDate><CreaTime>15280900</CreaTime><SyncOnce>TRUE</SyncOnce><DataProperties><lineage><Process ToolSource="C:\Program Files (x86)\ArcGIS\ArcToolbox\Toolboxes\Data Management Tools.tbx\CopyFeatures" Date="20100915" Time="152809">CopyFeatures Targets_lyr E:\Projects\Zoology\Fish\Shapefiles\Chologaster_cornuta.shp # 0 0 0</Process></lineage></DataProperties></Esri></metadata>
