<?xml version="1.0"?>
<!--<!DOCTYPE metadata SYSTEM "http://www.esri.com/metadata/esriprof80.dtd">-->
<metadata xml:lang="en"><Esri><MetaID>{AA9A9413-7865-48F5-B949-D31BE326DF5B}</MetaID><CreaDate>20100915</CreaDate><CreaTime>15140500</CreaTime><SyncOnce>TRUE</SyncOnce><DataProperties><lineage><Process ToolSource="C:\Program Files (x86)\ArcGIS\ArcToolbox\Toolboxes\Data Management Tools.tbx\CopyFeatures" Date="20100915" Time="151405">CopyFeatures Targets_lyr E:\Projects\Zoology\Fish\Shapefiles\Coregonus_nigripinnis.shp # 0 0 0</Process></lineage></DataProperties></Esri></metadata>
