<?xml version="1.0"?>
<!--<!DOCTYPE metadata SYSTEM "http://www.esri.com/metadata/esriprof80.dtd">-->
<metadata xml:lang="en"><Esri><MetaID>{ACEA7978-DDB8-4DEC-BAB0-15456E13A22B}</MetaID><CreaDate>20100915</CreaDate><CreaTime>15302100</CreaTime><SyncOnce>TRUE</SyncOnce><DataProperties><lineage><Process ToolSource="C:\Program Files (x86)\ArcGIS\ArcToolbox\Toolboxes\Data Management Tools.tbx\CopyFeatures" Date="20100915" Time="153021">CopyFeatures Targets_lyr E:\Projects\Zoology\Fish\Shapefiles\Coregonus_reighardi.shp # 0 0 0</Process></lineage></DataProperties></Esri></metadata>
