<?xml version="1.0"?>
<!--<!DOCTYPE metadata SYSTEM "http://www.esri.com/metadata/esriprof80.dtd">-->
<metadata xml:lang="en"><Esri><MetaID>{9522AB14-9522-4E20-814C-F62FC55EA33D}</MetaID><CreaDate>20100915</CreaDate><CreaTime>15211200</CreaTime><SyncOnce>TRUE</SyncOnce><DataProperties><lineage><Process ToolSource="C:\Program Files (x86)\ArcGIS\ArcToolbox\Toolboxes\Data Management Tools.tbx\CopyFeatures" Date="20100915" Time="152112">CopyFeatures Targets_lyr E:\Projects\Zoology\Fish\Shapefiles\Coregonus_kiyi.shp # 0 0 0</Process></lineage></DataProperties></Esri></metadata>
