<?xml version="1.0"?>
<!--<!DOCTYPE metadata SYSTEM "http://www.esri.com/metadata/esriprof80.dtd">-->
<metadata xml:lang="en"><Esri><MetaID>{F6C253CC-AD57-4B83-A4B0-13E3A45D5767}</MetaID><CreaDate>20100915</CreaDate><CreaTime>15312300</CreaTime><SyncOnce>TRUE</SyncOnce><DataProperties><lineage><Process ToolSource="C:\Program Files (x86)\ArcGIS\ArcToolbox\Toolboxes\Data Management Tools.tbx\CopyFeatures" Date="20100915" Time="153123">CopyFeatures Targets_lyr E:\Projects\Zoology\Fish\Shapefiles\Cottus_asper.shp # 0 0 0</Process></lineage></DataProperties></Esri></metadata>
