<?xml version="1.0"?>
<!--<!DOCTYPE metadata SYSTEM "http://www.esri.com/metadata/esriprof80.dtd">-->
<metadata xml:lang="en"><Esri><MetaID>{C1BEAF8F-958F-4570-89E5-235459AB7575}</MetaID><CreaDate>20100915</CreaDate><CreaTime>14503400</CreaTime><SyncOnce>TRUE</SyncOnce><DataProperties><lineage><Process ToolSource="C:\Program Files (x86)\ArcGIS\ArcToolbox\Toolboxes\Data Management Tools.tbx\CopyFeatures" Date="20100915" Time="145034">CopyFeatures Targets_lyr E:\Projects\Zoology\Fish\Shapefiles\Cottus_bendirei.shp # 0 0 0</Process></lineage></DataProperties></Esri></metadata>
