<?xml version="1.0"?>
<!--<!DOCTYPE metadata SYSTEM "http://www.esri.com/metadata/esriprof80.dtd">-->
<metadata xml:lang="en"><Esri><MetaID>{BB442852-CA6F-47E2-B938-F76D0CCA1785}</MetaID><CreaDate>20100915</CreaDate><CreaTime>15422500</CreaTime><SyncOnce>TRUE</SyncOnce><DataProperties><lineage><Process ToolSource="C:\Program Files (x86)\ArcGIS\ArcToolbox\Toolboxes\Data Management Tools.tbx\CopyFeatures" Date="20100915" Time="154225">CopyFeatures Targets_lyr E:\Projects\Zoology\Fish\Shapefiles\Cottus_baileyi.shp # 0 0 0</Process></lineage></DataProperties></Esri></metadata>
