<?xml version="1.0"?>
<!--<!DOCTYPE metadata SYSTEM "http://www.esri.com/metadata/esriprof80.dtd">-->
<metadata xml:lang="en"><Esri><MetaID>{F482EAA6-B317-42BA-AFA5-D4531503D8EC}</MetaID><CreaDate>20100915</CreaDate><CreaTime>14510000</CreaTime><SyncOnce>TRUE</SyncOnce><DataProperties><lineage><Process ToolSource="C:\Program Files (x86)\ArcGIS\ArcToolbox\Toolboxes\Data Management Tools.tbx\CopyFeatures" Date="20100915" Time="145100">CopyFeatures Targets_lyr E:\Projects\Zoology\Fish\Shapefiles\Cottus_klamathensis.shp # 0 0 0</Process></lineage></DataProperties></Esri></metadata>
