<?xml version="1.0"?>
<!--<!DOCTYPE metadata SYSTEM "http://www.esri.com/metadata/esriprof80.dtd">-->
<metadata xml:lang="en"><Esri><MetaID>{64F05F32-A7C3-4A05-910D-2DFD571BE15D}</MetaID><CreaDate>20100915</CreaDate><CreaTime>15164500</CreaTime><SyncOnce>TRUE</SyncOnce><DataProperties><lineage><Process ToolSource="C:\Program Files (x86)\ArcGIS\ArcToolbox\Toolboxes\Data Management Tools.tbx\CopyFeatures" Date="20100915" Time="151645">CopyFeatures Targets_lyr E:\Projects\Zoology\Fish\Shapefiles\Cottus_aleuticus.shp # 0 0 0</Process></lineage></DataProperties></Esri></metadata>
