<?xml version="1.0"?>
<!--<!DOCTYPE metadata SYSTEM "http://www.esri.com/metadata/esriprof80.dtd">-->
<metadata xml:lang="en"><Esri><MetaID>{0145A048-630B-45C2-A1AA-3A5B1EF188B1}</MetaID><CreaDate>20100915</CreaDate><CreaTime>15144400</CreaTime><SyncOnce>TRUE</SyncOnce><DataProperties><lineage><Process ToolSource="C:\Program Files (x86)\ArcGIS\ArcToolbox\Toolboxes\Data Management Tools.tbx\CopyFeatures" Date="20100915" Time="151444">CopyFeatures Targets_lyr E:\Projects\Zoology\Fish\Shapefiles\Cottus_cognatus.shp # 0 0 0</Process></lineage></DataProperties></Esri></metadata>
