<?xml version="1.0"?>
<!--<!DOCTYPE metadata SYSTEM "http://www.esri.com/metadata/esriprof80.dtd">-->
<metadata xml:lang="en"><Esri><MetaID>{DCA3BD9F-741B-4027-B95E-EA4785772A4E}</MetaID><CreaDate>20100915</CreaDate><CreaTime>15490500</CreaTime><SyncOnce>TRUE</SyncOnce><DataProperties><lineage><Process ToolSource="C:\Program Files (x86)\ArcGIS\ArcToolbox\Toolboxes\Data Management Tools.tbx\CopyFeatures" Date="20100915" Time="154905">CopyFeatures Targets_lyr E:\Projects\Zoology\Fish\Shapefiles\Cottus_extensus.shp # 0 0 0</Process></lineage></DataProperties></Esri></metadata>
