<?xml version="1.0"?>
<!--<!DOCTYPE metadata SYSTEM "http://www.esri.com/metadata/esriprof80.dtd">-->
<metadata xml:lang="en"><Esri><MetaID>{E5623505-E272-4754-8636-5C10B76C6456}</MetaID><CreaDate>20100915</CreaDate><CreaTime>14515400</CreaTime><SyncOnce>TRUE</SyncOnce><DataProperties><lineage><Process ToolSource="C:\Program Files (x86)\ArcGIS\ArcToolbox\Toolboxes\Data Management Tools.tbx\CopyFeatures" Date="20100915" Time="145154">CopyFeatures Targets_lyr E:\Projects\Zoology\Fish\Shapefiles\Cottus_echinatus.shp # 0 0 0</Process></lineage></DataProperties></Esri></metadata>
