<?xml version="1.0"?>
<!--<!DOCTYPE metadata SYSTEM "http://www.esri.com/metadata/esriprof80.dtd">-->
<metadata xml:lang="en"><Esri><MetaID>{300F98F6-1254-4D81-B908-9FC6E7313EA6}</MetaID><CreaDate>20100915</CreaDate><CreaTime>15441800</CreaTime><SyncOnce>TRUE</SyncOnce><DataProperties><lineage><Process ToolSource="C:\Program Files (x86)\ArcGIS\ArcToolbox\Toolboxes\Data Management Tools.tbx\CopyFeatures" Date="20100915" Time="154418">CopyFeatures Targets_lyr E:\Projects\Zoology\Fish\Shapefiles\Cottus_sp__5.shp # 0 0 0</Process></lineage></DataProperties></Esri></metadata>
