<?xml version="1.0"?>
<!--<!DOCTYPE metadata SYSTEM "http://www.esri.com/metadata/esriprof80.dtd">-->
<metadata xml:lang="en"><Esri><MetaID>{6E0DE0CC-5C16-4EB1-84FF-DD7516B4BDE1}</MetaID><CreaDate>20100915</CreaDate><CreaTime>15221300</CreaTime><SyncOnce>TRUE</SyncOnce><DataProperties><lineage><Process ToolSource="C:\Program Files (x86)\ArcGIS\ArcToolbox\Toolboxes\Data Management Tools.tbx\CopyFeatures" Date="20100915" Time="152213">CopyFeatures Targets_lyr E:\Projects\Zoology\Fish\Shapefiles\Cottus_perplexus.shp # 0 0 0</Process></lineage></DataProperties></Esri></metadata>
