<?xml version="1.0"?>
<!--<!DOCTYPE metadata SYSTEM "http://www.esri.com/metadata/esriprof80.dtd">-->
<metadata xml:lang="en"><Esri><MetaID>{55A072AF-5D25-47AB-AF5B-C2F65119A103}</MetaID><CreaDate>20100915</CreaDate><CreaTime>15532600</CreaTime><SyncOnce>TRUE</SyncOnce><DataProperties><lineage><Process ToolSource="C:\Program Files (x86)\ArcGIS\ArcToolbox\Toolboxes\Data Management Tools.tbx\CopyFeatures" Date="20100915" Time="155326">CopyFeatures Targets_lyr E:\Projects\Zoology\Fish\Shapefiles\Cottus_tallapoosae.shp # 0 0 0</Process></lineage></DataProperties></Esri></metadata>
