<?xml version="1.0"?>
<!--<!DOCTYPE metadata SYSTEM "http://www.esri.com/metadata/esriprof80.dtd">-->
<metadata xml:lang="en"><Esri><MetaID>{B304F6B5-A02D-4A8E-97E1-980E9D355B61}</MetaID><CreaDate>20100915</CreaDate><CreaTime>15542600</CreaTime><SyncOnce>TRUE</SyncOnce><DataProperties><lineage><Process ToolSource="C:\Program Files (x86)\ArcGIS\ArcToolbox\Toolboxes\Data Management Tools.tbx\CopyFeatures" Date="20100915" Time="155426">CopyFeatures Targets_lyr E:\Projects\Zoology\Fish\Shapefiles\Cottus_chattahoochee.shp # 0 0 0</Process></lineage></DataProperties></Esri></metadata>
