<?xml version="1.0"?>
<!--<!DOCTYPE metadata SYSTEM "http://www.esri.com/metadata/esriprof80.dtd">-->
<metadata xml:lang="en"><Esri><MetaID>{DACD2715-59D4-4CFF-B5AD-08FF4C766147}</MetaID><CreaDate>20100915</CreaDate><CreaTime>15141700</CreaTime><SyncOnce>TRUE</SyncOnce><DataProperties><lineage><Process ToolSource="C:\Program Files (x86)\ArcGIS\ArcToolbox\Toolboxes\Data Management Tools.tbx\CopyFeatures" Date="20100915" Time="151417">CopyFeatures Targets_lyr E:\Projects\Zoology\Fish\Shapefiles\Cottus_sp__7.shp # 0 0 0</Process></lineage></DataProperties></Esri></metadata>
