<?xml version="1.0"?>
<!--<!DOCTYPE metadata SYSTEM "http://www.esri.com/metadata/esriprof80.dtd">-->
<metadata xml:lang="en"><Esri><MetaID>{EFFE6620-51BB-41C9-889E-5AEADDD5A8D9}</MetaID><CreaDate>20100915</CreaDate><CreaTime>15280800</CreaTime><SyncOnce>TRUE</SyncOnce><DataProperties><lineage><Process ToolSource="C:\Program Files (x86)\ArcGIS\ArcToolbox\Toolboxes\Data Management Tools.tbx\CopyFeatures" Date="20100915" Time="152808">CopyFeatures Targets_lyr E:\Projects\Zoology\Fish\Shapefiles\Cottus_ricei.shp # 0 0 0</Process></lineage></DataProperties></Esri></metadata>
