<?xml version="1.0"?>
<!--<!DOCTYPE metadata SYSTEM "http://www.esri.com/metadata/esriprof80.dtd">-->
<metadata xml:lang="en"><Esri><MetaID>{1468D52D-FDB4-4EAF-8220-6513D88F7F94}</MetaID><CreaDate>20100915</CreaDate><CreaTime>15164300</CreaTime><SyncOnce>TRUE</SyncOnce><DataProperties><lineage><Process ToolSource="C:\Program Files (x86)\ArcGIS\ArcToolbox\Toolboxes\Data Management Tools.tbx\CopyFeatures" Date="20100915" Time="151643">CopyFeatures Targets_lyr E:\Projects\Zoology\Fish\Shapefiles\Cottus_beldingii.shp # 0 0 0</Process></lineage></DataProperties></Esri></metadata>
