<?xml version="1.0"?>
<!--<!DOCTYPE metadata SYSTEM "http://www.esri.com/metadata/esriprof80.dtd">-->
<metadata xml:lang="en"><Esri><MetaID>{4936DD38-8072-4C63-BA5E-11A7A9F78294}</MetaID><CreaDate>20100915</CreaDate><CreaTime>15512500</CreaTime><SyncOnce>TRUE</SyncOnce><DataProperties><lineage><Process ToolSource="C:\Program Files (x86)\ArcGIS\ArcToolbox\Toolboxes\Data Management Tools.tbx\CopyFeatures" Date="20100915" Time="155125">CopyFeatures Targets_lyr E:\Projects\Zoology\Fish\Shapefiles\Ctenogobius_claytonii.shp # 0 0 0</Process></lineage></DataProperties></Esri></metadata>
