<?xml version="1.0"?>
<!--<!DOCTYPE metadata SYSTEM "http://www.esri.com/metadata/esriprof80.dtd">-->
<metadata xml:lang="en"><Esri><MetaID>{C94479A0-9E0E-4238-A171-EED717382174}</MetaID><CreaDate>20100915</CreaDate><CreaTime>15385900</CreaTime><SyncOnce>TRUE</SyncOnce><DataProperties><lineage><Process ToolSource="C:\Program Files (x86)\ArcGIS\ArcToolbox\Toolboxes\Data Management Tools.tbx\CopyFeatures" Date="20100915" Time="153859">CopyFeatures Targets_lyr E:\Projects\Zoology\Fish\Shapefiles\Culaea_inconstans.shp # 0 0 0</Process></lineage></DataProperties></Esri></metadata>
