<?xml version="1.0"?>
<!--<!DOCTYPE metadata SYSTEM "http://www.esri.com/metadata/esriprof80.dtd">-->
<metadata xml:lang="en"><Esri><MetaID>{6751AD00-1B52-4A08-B3AE-05F5321599FA}</MetaID><CreaDate>20100915</CreaDate><CreaTime>15220400</CreaTime><SyncOnce>TRUE</SyncOnce><DataProperties><lineage><Process ToolSource="C:\Program Files (x86)\ArcGIS\ArcToolbox\Toolboxes\Data Management Tools.tbx\CopyFeatures" Date="20100915" Time="152204">CopyFeatures Targets_lyr E:\Projects\Zoology\Fish\Shapefiles\Cycleptus_meridionalis.shp # 0 0 0</Process></lineage></DataProperties></Esri></metadata>
