<?xml version="1.0"?>
<!--<!DOCTYPE metadata SYSTEM "http://www.esri.com/metadata/esriprof80.dtd">-->
<metadata xml:lang="en"><Esri><MetaID>{12EAC055-A255-4439-B7AF-9C320FA99574}</MetaID><CreaDate>20100915</CreaDate><CreaTime>15132900</CreaTime><SyncOnce>TRUE</SyncOnce><DataProperties><lineage><Process ToolSource="C:\Program Files (x86)\ArcGIS\ArcToolbox\Toolboxes\Data Management Tools.tbx\CopyFeatures" Date="20100915" Time="151329">CopyFeatures Targets_lyr E:\Projects\Zoology\Fish\Shapefiles\Cycleptus_elongatus.shp # 0 0 0</Process></lineage></DataProperties></Esri></metadata>
