<?xml version="1.0"?>
<!--<!DOCTYPE metadata SYSTEM "http://www.esri.com/metadata/esriprof80.dtd">-->
<metadata xml:lang="en"><Esri><MetaID>{D53F6FA4-CDA1-4572-BDBD-32497533F7CF}</MetaID><CreaDate>20100915</CreaDate><CreaTime>14503700</CreaTime><SyncOnce>TRUE</SyncOnce><DataProperties><lineage><Process ToolSource="C:\Program Files (x86)\ArcGIS\ArcToolbox\Toolboxes\Data Management Tools.tbx\CopyFeatures" Date="20100915" Time="145037">CopyFeatures Targets_lyr E:\Projects\Zoology\Fish\Shapefiles\Cyprinella_sp__1.shp # 0 0 0</Process></lineage></DataProperties></Esri></metadata>
