<?xml version="1.0"?>
<!--<!DOCTYPE metadata SYSTEM "http://www.esri.com/metadata/esriprof80.dtd">-->
<metadata xml:lang="en"><Esri><MetaID>{7470CDD0-4483-4CDE-BE2B-A6F5624EA43D}</MetaID><CreaDate>20100915</CreaDate><CreaTime>15265000</CreaTime><SyncOnce>TRUE</SyncOnce><DataProperties><lineage><Process ToolSource="C:\Program Files (x86)\ArcGIS\ArcToolbox\Toolboxes\Data Management Tools.tbx\CopyFeatures" Date="20100915" Time="152650">CopyFeatures Targets_lyr E:\Projects\Zoology\Fish\Shapefiles\Cyprinodon_elegans.shp # 0 0 0</Process></lineage></DataProperties></Esri></metadata>
