<?xml version="1.0"?>
<!--<!DOCTYPE metadata SYSTEM "http://www.esri.com/metadata/esriprof80.dtd">-->
<metadata xml:lang="en"><Esri><MetaID>{F02C9B83-8CDA-42C0-849B-AEBDF83E95F8}</MetaID><CreaDate>20100915</CreaDate><CreaTime>15362600</CreaTime><SyncOnce>TRUE</SyncOnce><DataProperties><lineage><Process ToolSource="C:\Program Files (x86)\ArcGIS\ArcToolbox\Toolboxes\Data Management Tools.tbx\CopyFeatures" Date="20100915" Time="153626">CopyFeatures Targets_lyr E:\Projects\Zoology\Fish\Shapefiles\Cyprinodon_radiosus.shp # 0 0 0</Process></lineage></DataProperties></Esri></metadata>
