<?xml version="1.0"?>
<!--<!DOCTYPE metadata SYSTEM "http://www.esri.com/metadata/esriprof80.dtd">-->
<metadata xml:lang="en"><Esri><MetaID>{2DDFA81A-11F0-4CFE-B808-2357BA31CDFA}</MetaID><CreaDate>20100915</CreaDate><CreaTime>15211800</CreaTime><SyncOnce>TRUE</SyncOnce><DataProperties><lineage><Process ToolSource="C:\Program Files (x86)\ArcGIS\ArcToolbox\Toolboxes\Data Management Tools.tbx\CopyFeatures" Date="20100915" Time="152118">CopyFeatures Targets_lyr E:\Projects\Zoology\Fish\Shapefiles\Cyprinella_galactura.shp # 0 0 0</Process></lineage></DataProperties></Esri></metadata>
