<?xml version="1.0"?>
<!--<!DOCTYPE metadata SYSTEM "http://www.esri.com/metadata/esriprof80.dtd">-->
<metadata xml:lang="en"><Esri><MetaID>{5083995A-AFCC-4582-96E8-B51854E5E404}</MetaID><CreaDate>20100915</CreaDate><CreaTime>15211700</CreaTime><SyncOnce>TRUE</SyncOnce><DataProperties><lineage><Process ToolSource="C:\Program Files (x86)\ArcGIS\ArcToolbox\Toolboxes\Data Management Tools.tbx\CopyFeatures" Date="20100915" Time="152117">CopyFeatures Targets_lyr E:\Projects\Zoology\Fish\Shapefiles\Cyprinella_gibbsi.shp # 0 0 0</Process></lineage></DataProperties></Esri></metadata>
