<?xml version="1.0"?>
<!--<!DOCTYPE metadata SYSTEM "http://www.esri.com/metadata/esriprof80.dtd">-->
<metadata xml:lang="en"><Esri><MetaID>{BF89D90A-0163-45A7-821D-9CDECF987C6E}</MetaID><CreaDate>20100915</CreaDate><CreaTime>15432600</CreaTime><SyncOnce>TRUE</SyncOnce><DataProperties><lineage><Process ToolSource="C:\Program Files (x86)\ArcGIS\ArcToolbox\Toolboxes\Data Management Tools.tbx\CopyFeatures" Date="20100915" Time="154326">CopyFeatures Targets_lyr E:\Projects\Zoology\Fish\Shapefiles\Cyprinodon_variegatus.shp # 0 0 0</Process></lineage></DataProperties></Esri></metadata>
