<?xml version="1.0"?>
<!--<!DOCTYPE metadata SYSTEM "http://www.esri.com/metadata/esriprof80.dtd">-->
<metadata xml:lang="en"><Esri><MetaID>{1D00646E-3EC3-403A-A3A6-B56D19045A52}</MetaID><CreaDate>20100915</CreaDate><CreaTime>15362800</CreaTime><SyncOnce>TRUE</SyncOnce><DataProperties><lineage><Process ToolSource="C:\Program Files (x86)\ArcGIS\ArcToolbox\Toolboxes\Data Management Tools.tbx\CopyFeatures" Date="20100915" Time="153628">CopyFeatures Targets_lyr E:\Projects\Zoology\Fish\Shapefiles\Cyprinodon_rubrofluviatilis.shp # 0 0 0</Process></lineage></DataProperties></Esri></metadata>
