<?xml version="1.0"?>
<!--<!DOCTYPE metadata SYSTEM "http://www.esri.com/metadata/esriprof80.dtd">-->
<metadata xml:lang="en"><Esri><MetaID>{94318321-7B1C-4A55-B064-1748216BF67F}</MetaID><CreaDate>20100915</CreaDate><CreaTime>15462500</CreaTime><SyncOnce>TRUE</SyncOnce><DataProperties><lineage><Process ToolSource="C:\Program Files (x86)\ArcGIS\ArcToolbox\Toolboxes\Data Management Tools.tbx\CopyFeatures" Date="20100915" Time="154625">CopyFeatures Targets_lyr E:\Projects\Zoology\Fish\Shapefiles\Cyprinella_caerulea.shp # 0 0 0</Process></lineage></DataProperties></Esri></metadata>
