<?xml version="1.0"?>
<!--<!DOCTYPE metadata SYSTEM "http://www.esri.com/metadata/esriprof80.dtd">-->
<metadata xml:lang="en"><Esri><MetaID>{BDFD2FB9-60ED-40F6-8B18-2AFBCB46DDC6}</MetaID><CreaDate>20100915</CreaDate><CreaTime>15380800</CreaTime><SyncOnce>TRUE</SyncOnce><DataProperties><lineage><Process ToolSource="C:\Program Files (x86)\ArcGIS\ArcToolbox\Toolboxes\Data Management Tools.tbx\CopyFeatures" Date="20100915" Time="153808">CopyFeatures Targets_lyr E:\Projects\Zoology\Fish\Shapefiles\Cyprinella_venusta.shp # 0 0 0</Process></lineage></DataProperties></Esri></metadata>
