<?xml version="1.0"?>
<!--<!DOCTYPE metadata SYSTEM "http://www.esri.com/metadata/esriprof80.dtd">-->
<metadata xml:lang="en"><Esri><MetaID>{C5441EB0-2F64-4D90-BDA5-8F9B6A43E9AF}</MetaID><CreaDate>20100915</CreaDate><CreaTime>15302600</CreaTime><SyncOnce>TRUE</SyncOnce><DataProperties><lineage><Process ToolSource="C:\Program Files (x86)\ArcGIS\ArcToolbox\Toolboxes\Data Management Tools.tbx\CopyFeatures" Date="20100915" Time="153026">CopyFeatures Targets_lyr E:\Projects\Zoology\Fish\Shapefiles\Cyprinodon_bovinus.shp # 0 0 0</Process></lineage></DataProperties></Esri></metadata>
