<?xml version="1.0"?>
<!--<!DOCTYPE metadata SYSTEM "http://www.esri.com/metadata/esriprof80.dtd">-->
<metadata xml:lang="en"><Esri><MetaID>{12FAC949-5C6F-466E-83C2-C1EE8B0F0034}</MetaID><CreaDate>20100915</CreaDate><CreaTime>15421000</CreaTime><SyncOnce>TRUE</SyncOnce><DataProperties><lineage><Process ToolSource="C:\Program Files (x86)\ArcGIS\ArcToolbox\Toolboxes\Data Management Tools.tbx\CopyFeatures" Date="20100915" Time="154210">CopyFeatures Targets_lyr E:\Projects\Zoology\Fish\Shapefiles\Etheostoma_gutselli.shp # 0 0 0</Process></lineage></DataProperties></Esri></metadata>
