<?xml version="1.0"?>
<!--<!DOCTYPE metadata SYSTEM "http://www.esri.com/metadata/esriprof80.dtd">-->
<metadata xml:lang="en"><Esri><MetaID>{E028EBA6-85D8-45CB-B30D-0ED52F19184A}</MetaID><CreaDate>20100915</CreaDate><CreaTime>15491100</CreaTime><SyncOnce>TRUE</SyncOnce><DataProperties><lineage><Process ToolSource="C:\Program Files (x86)\ArcGIS\ArcToolbox\Toolboxes\Data Management Tools.tbx\CopyFeatures" Date="20100915" Time="154911">CopyFeatures Targets_lyr E:\Projects\Zoology\Fish\Shapefiles\Etheostoma_longimanum.shp # 0 0 0</Process></lineage></DataProperties></Esri></metadata>
