<?xml version="1.0"?>
<!--<!DOCTYPE metadata SYSTEM "http://www.esri.com/metadata/esriprof80.dtd">-->
<metadata xml:lang="en"><Esri><MetaID>{A71DDA36-CCCB-402A-AE06-950AF858E520}</MetaID><CreaDate>20100915</CreaDate><CreaTime>15414900</CreaTime><SyncOnce>TRUE</SyncOnce><DataProperties><lineage><Process ToolSource="C:\Program Files (x86)\ArcGIS\ArcToolbox\Toolboxes\Data Management Tools.tbx\CopyFeatures" Date="20100915" Time="154149">CopyFeatures Targets_lyr E:\Projects\Zoology\Fish\Shapefiles\Etheostoma_neopterum.shp # 0 0 0</Process></lineage></DataProperties></Esri></metadata>
