<?xml version="1.0"?>
<!--<!DOCTYPE metadata SYSTEM "http://www.esri.com/metadata/esriprof80.dtd">-->
<metadata xml:lang="en"><Esri><MetaID>{776EACE5-11F7-41B1-8F13-95E95155796D}</MetaID><CreaDate>20100915</CreaDate><CreaTime>15545400</CreaTime><SyncOnce>TRUE</SyncOnce><DataProperties><lineage><Process ToolSource="C:\Program Files (x86)\ArcGIS\ArcToolbox\Toolboxes\Data Management Tools.tbx\CopyFeatures" Date="20100915" Time="155454">CopyFeatures Targets_lyr E:\Projects\Zoology\Fish\Shapefiles\Etheostoma_flabellare.shp # 0 0 0</Process></lineage></DataProperties></Esri></metadata>
