<?xml version="1.0"?>
<!--<!DOCTYPE metadata SYSTEM "http://www.esri.com/metadata/esriprof80.dtd">-->
<metadata xml:lang="en"><Esri><MetaID>{412C6CA3-1B2D-4E81-B7EE-D064276648E5}</MetaID><CreaDate>20100915</CreaDate><CreaTime>15463800</CreaTime><SyncOnce>TRUE</SyncOnce><DataProperties><lineage><Process ToolSource="C:\Program Files (x86)\ArcGIS\ArcToolbox\Toolboxes\Data Management Tools.tbx\CopyFeatures" Date="20100915" Time="154638">CopyFeatures Targets_lyr E:\Projects\Zoology\Fish\Shapefiles\Salvelinus_confluentus.shp # 0 0 0</Process></lineage></DataProperties></Esri></metadata>
