<?xml version="1.0"?>
<!--<!DOCTYPE metadata SYSTEM "http://www.esri.com/metadata/esriprof80.dtd">-->
<metadata xml:lang="en"><Esri><MetaID>{531BC09E-AD90-4804-BFB0-F0BCAABFAEAC}</MetaID><CreaDate>20100915</CreaDate><CreaTime>15384200</CreaTime><SyncOnce>TRUE</SyncOnce><DataProperties><lineage><Process ToolSource="C:\Program Files (x86)\ArcGIS\ArcToolbox\Toolboxes\Data Management Tools.tbx\CopyFeatures" Date="20100915" Time="153842">CopyFeatures Targets_lyr E:\Projects\Zoology\Fish\Shapefiles\Etheostoma_sp__5.shp # 0 0 0</Process></lineage></DataProperties></Esri></metadata>
