<?xml version="1.0"?>
<!--<!DOCTYPE metadata SYSTEM "http://www.esri.com/metadata/esriprof80.dtd">-->
<metadata xml:lang="en"><Esri><MetaID>{229D4B5E-90A0-4F66-8CD6-7DD5F6AA2A1A}</MetaID><CreaDate>20100915</CreaDate><CreaTime>15480300</CreaTime><SyncOnce>TRUE</SyncOnce><DataProperties><lineage><Process ToolSource="C:\Program Files (x86)\ArcGIS\ArcToolbox\Toolboxes\Data Management Tools.tbx\CopyFeatures" Date="20100915" Time="154803">CopyFeatures Targets_lyr E:\Projects\Zoology\Fish\Shapefiles\Etheostoma_sanguifluum.shp # 0 0 0</Process></lineage></DataProperties></Esri></metadata>
