<?xml version="1.0"?>
<!--<!DOCTYPE metadata SYSTEM "http://www.esri.com/metadata/esriprof80.dtd">-->
<metadata xml:lang="en"><Esri><MetaID>{FE1BC4D5-FEDF-44BC-BD17-0FB6E17B029F}</MetaID><CreaDate>20100915</CreaDate><CreaTime>15212500</CreaTime><SyncOnce>TRUE</SyncOnce><DataProperties><lineage><Process ToolSource="C:\Program Files (x86)\ArcGIS\ArcToolbox\Toolboxes\Data Management Tools.tbx\CopyFeatures" Date="20100915" Time="152125">CopyFeatures Targets_lyr E:\Projects\Zoology\Fish\Shapefiles\Eucyclogobius_newberryi.shp # 0 0 0</Process></lineage></DataProperties></Esri></metadata>
