<?xml version="1.0"?>
<!--<!DOCTYPE metadata SYSTEM "http://www.esri.com/metadata/esriprof80.dtd">-->
<metadata xml:lang="en"><Esri><MetaID>{DF3AF90D-4049-4A00-903E-C88D0ED577E4}</MetaID><CreaDate>20100915</CreaDate><CreaTime>15133900</CreaTime><SyncOnce>TRUE</SyncOnce><DataProperties><lineage><Process ToolSource="C:\Program Files (x86)\ArcGIS\ArcToolbox\Toolboxes\Data Management Tools.tbx\CopyFeatures" Date="20100915" Time="151339">CopyFeatures Targets_lyr E:\Projects\Zoology\Fish\Shapefiles\Percina_uranidea.shp # 0 0 0</Process></lineage></DataProperties></Esri></metadata>
