<?xml version="1.0"?>
<!--<!DOCTYPE metadata SYSTEM "http://www.esri.com/metadata/esriprof80.dtd">-->
<metadata xml:lang="en"><Esri><MetaID>{4F3954CD-8A01-4A7A-BC87-92352E76F410}</MetaID><CreaDate>20100915</CreaDate><CreaTime>15541700</CreaTime><SyncOnce>TRUE</SyncOnce><DataProperties><lineage><Process ToolSource="C:\Program Files (x86)\ArcGIS\ArcToolbox\Toolboxes\Data Management Tools.tbx\CopyFeatures" Date="20100915" Time="155417">CopyFeatures Targets_lyr E:\Projects\Zoology\Fish\Shapefiles\Percina_macrocephala.shp # 0 0 0</Process></lineage></DataProperties></Esri></metadata>
