<?xml version="1.0"?>
<!--<!DOCTYPE metadata SYSTEM "http://www.esri.com/metadata/esriprof80.dtd">-->
<metadata xml:lang="en"><Esri><MetaID>{6DE2FD24-7249-4165-A0BE-413AB99F0E3A}</MetaID><CreaDate>20100915</CreaDate><CreaTime>15152600</CreaTime><SyncOnce>TRUE</SyncOnce><DataProperties><lineage><Process ToolSource="C:\Program Files (x86)\ArcGIS\ArcToolbox\Toolboxes\Data Management Tools.tbx\CopyFeatures" Date="20100915" Time="151526">CopyFeatures Targets_lyr E:\Projects\Zoology\Fish\Shapefiles\Percina_notogramma.shp # 0 0 0</Process></lineage></DataProperties></Esri></metadata>
