<?xml version="1.0"?>
<!--<!DOCTYPE metadata SYSTEM "http://www.esri.com/metadata/esriprof80.dtd">-->
<metadata xml:lang="en"><Esri><MetaID>{A65259C7-DC96-4394-AFF0-CDA1DE4ABD4C}</MetaID><CreaDate>20100915</CreaDate><CreaTime>15305700</CreaTime><SyncOnce>TRUE</SyncOnce><DataProperties><lineage><Process ToolSource="C:\Program Files (x86)\ArcGIS\ArcToolbox\Toolboxes\Data Management Tools.tbx\CopyFeatures" Date="20100915" Time="153057">CopyFeatures Targets_lyr E:\Projects\Zoology\Fish\Shapefiles\Percina_burtoni.shp # 0 0 0</Process></lineage></DataProperties></Esri></metadata>
