<?xml version="1.0"?>
<!--<!DOCTYPE metadata SYSTEM "http://www.esri.com/metadata/esriprof80.dtd">-->
<metadata xml:lang="en"><Esri><MetaID>{9F3712BD-045B-45FE-A0CD-CA4BE538CFAA}</MetaID><CreaDate>20100915</CreaDate><CreaTime>15333000</CreaTime><SyncOnce>TRUE</SyncOnce><DataProperties><lineage><Process ToolSource="C:\Program Files (x86)\ArcGIS\ArcToolbox\Toolboxes\Data Management Tools.tbx\CopyFeatures" Date="20100915" Time="153330">CopyFeatures Targets_lyr E:\Projects\Zoology\Fish\Shapefiles\Percina_carbonaria.shp # 0 0 0</Process></lineage></DataProperties></Esri></metadata>
