<?xml version="1.0"?>
<!--<!DOCTYPE metadata SYSTEM "http://www.esri.com/metadata/esriprof80.dtd">-->
<metadata xml:lang="en"><Esri><MetaID>{0C8197F0-0FBA-4C28-B63B-3CF46834BBD9}</MetaID><CreaDate>20100915</CreaDate><CreaTime>15141900</CreaTime><SyncOnce>TRUE</SyncOnce><DataProperties><lineage><Process ToolSource="C:\Program Files (x86)\ArcGIS\ArcToolbox\Toolboxes\Data Management Tools.tbx\CopyFeatures" Date="20100915" Time="151419">CopyFeatures Targets_lyr E:\Projects\Zoology\Fish\Shapefiles\Percina_aurora.shp # 0 0 0</Process></lineage></DataProperties></Esri></metadata>
