<?xml version="1.0"?>
<!--<!DOCTYPE metadata SYSTEM "http://www.esri.com/metadata/esriprof80.dtd">-->
<metadata xml:lang="en"><Esri><MetaID>{7B418EA3-8782-4249-9FCE-64588489ADE2}</MetaID><CreaDate>20100915</CreaDate><CreaTime>15485800</CreaTime><SyncOnce>TRUE</SyncOnce><DataProperties><lineage><Process ToolSource="C:\Program Files (x86)\ArcGIS\ArcToolbox\Toolboxes\Data Management Tools.tbx\CopyFeatures" Date="20100915" Time="154858">CopyFeatures Targets_lyr E:\Projects\Zoology\Fish\Shapefiles\Percina_caprodes.shp # 0 0 0</Process></lineage></DataProperties></Esri></metadata>
