<?xml version="1.0"?>
<!--<!DOCTYPE metadata SYSTEM "http://www.esri.com/metadata/esriprof80.dtd">-->
<metadata xml:lang="en"><Esri><MetaID>{483FB8F8-BBAE-4424-9325-57B436CA5D26}</MetaID><CreaDate>20100915</CreaDate><CreaTime>15312800</CreaTime><SyncOnce>TRUE</SyncOnce><DataProperties><lineage><Process ToolSource="C:\Program Files (x86)\ArcGIS\ArcToolbox\Toolboxes\Data Management Tools.tbx\CopyFeatures" Date="20100915" Time="153128">CopyFeatures Targets_lyr E:\Projects\Zoology\Fish\Shapefiles\Percina_nevisense.shp # 0 0 0</Process></lineage></DataProperties></Esri></metadata>
