<?xml version="1.0"?>
<!--<!DOCTYPE metadata SYSTEM "http://www.esri.com/metadata/esriprof80.dtd">-->
<metadata xml:lang="en"><Esri><MetaID>{D2AABDFA-B41D-43BD-80A8-D8EEACAFA890}</MetaID><CreaDate>20100915</CreaDate><CreaTime>15382500</CreaTime><SyncOnce>TRUE</SyncOnce><DataProperties><lineage><Process ToolSource="C:\Program Files (x86)\ArcGIS\ArcToolbox\Toolboxes\Data Management Tools.tbx\CopyFeatures" Date="20100915" Time="153825">CopyFeatures Targets_lyr E:\Projects\Zoology\Fish\Shapefiles\Percina_jenkinsi.shp # 0 0 0</Process></lineage></DataProperties></Esri></metadata>
