<?xml version="1.0"?>
<!--<!DOCTYPE metadata SYSTEM "http://www.esri.com/metadata/esriprof80.dtd">-->
<metadata xml:lang="en"><Esri><MetaID>{DD02CCFA-A910-46FA-8F26-8D69E11EAF0D}</MetaID><CreaDate>20100915</CreaDate><CreaTime>15254100</CreaTime><SyncOnce>TRUE</SyncOnce><DataProperties><lineage><Process ToolSource="C:\Program Files (x86)\ArcGIS\ArcToolbox\Toolboxes\Data Management Tools.tbx\CopyFeatures" Date="20100915" Time="152541">CopyFeatures Targets_lyr E:\Projects\Zoology\Fish\Shapefiles\Percina_nigrofasciata.shp # 0 0 0</Process></lineage></DataProperties></Esri></metadata>
