<?xml version="1.0"?>
<!--<!DOCTYPE metadata SYSTEM "http://www.esri.com/metadata/esriprof80.dtd">-->
<metadata xml:lang="en"><Esri><MetaID>{DC5258CD-6670-4462-968A-E90C7F954A75}</MetaID><CreaDate>20100915</CreaDate><CreaTime>15414400</CreaTime><SyncOnce>TRUE</SyncOnce><DataProperties><lineage><Process ToolSource="C:\Program Files (x86)\ArcGIS\ArcToolbox\Toolboxes\Data Management Tools.tbx\CopyFeatures" Date="20100915" Time="154144">CopyFeatures Targets_lyr E:\Projects\Zoology\Fish\Shapefiles\Percina_crassa.shp # 0 0 0</Process></lineage></DataProperties></Esri></metadata>
