<?xml version="1.0"?>
<!--<!DOCTYPE metadata SYSTEM "http://www.esri.com/metadata/esriprof80.dtd">-->
<metadata xml:lang="en"><Esri><MetaID>{D2AEFF5A-C8CE-46B2-8466-E0A381FF8DCD}</MetaID><CreaDate>20100915</CreaDate><CreaTime>15440900</CreaTime><SyncOnce>TRUE</SyncOnce><DataProperties><lineage><Process ToolSource="C:\Program Files (x86)\ArcGIS\ArcToolbox\Toolboxes\Data Management Tools.tbx\CopyFeatures" Date="20100915" Time="154409">CopyFeatures Targets_lyr E:\Projects\Zoology\Fish\Shapefiles\Percina_vigil.shp # 0 0 0</Process></lineage></DataProperties></Esri></metadata>
