<?xml version="1.0"?>
<!--<!DOCTYPE metadata SYSTEM "http://www.esri.com/metadata/esriprof80.dtd">-->
<metadata xml:lang="en"><Esri><MetaID>{DDA19B80-E444-4A8F-A4EB-475CE8691043}</MetaID><CreaDate>20100915</CreaDate><CreaTime>15255000</CreaTime><SyncOnce>TRUE</SyncOnce><DataProperties><lineage><Process ToolSource="C:\Program Files (x86)\ArcGIS\ArcToolbox\Toolboxes\Data Management Tools.tbx\CopyFeatures" Date="20100915" Time="152550">CopyFeatures Targets_lyr E:\Projects\Zoology\Fish\Shapefiles\Percina_suttkusi.shp # 0 0 0</Process></lineage></DataProperties></Esri></metadata>
