<?xml version="1.0"?>
<!--<!DOCTYPE metadata SYSTEM "http://www.esri.com/metadata/esriprof80.dtd">-->
<metadata xml:lang="en"><Esri><MetaID>{80B4A735-7D1B-4C31-B686-40729E447416}</MetaID><CreaDate>20100915</CreaDate><CreaTime>15404600</CreaTime><SyncOnce>TRUE</SyncOnce><DataProperties><lineage><Process ToolSource="C:\Program Files (x86)\ArcGIS\ArcToolbox\Toolboxes\Data Management Tools.tbx\CopyFeatures" Date="20100915" Time="154046">CopyFeatures Targets_lyr E:\Projects\Zoology\Fish\Shapefiles\Percina_roanoka.shp # 0 0 0</Process></lineage></DataProperties></Esri></metadata>
