<?xml version="1.0"?>
<!--<!DOCTYPE metadata SYSTEM "http://www.esri.com/metadata/esriprof80.dtd">-->
<metadata xml:lang="en"><Esri><MetaID>{6CCDB940-598D-4FF2-AEFA-6DA36BD15C38}</MetaID><CreaDate>20100915</CreaDate><CreaTime>15425800</CreaTime><SyncOnce>TRUE</SyncOnce><DataProperties><lineage><Process ToolSource="C:\Program Files (x86)\ArcGIS\ArcToolbox\Toolboxes\Data Management Tools.tbx\CopyFeatures" Date="20100915" Time="154258">CopyFeatures Targets_lyr E:\Projects\Zoology\Fish\Shapefiles\Percina_smithvanizi.shp # 0 0 0</Process></lineage></DataProperties></Esri></metadata>
