<?xml version="1.0"?>
<!--<!DOCTYPE metadata SYSTEM "http://www.esri.com/metadata/esriprof80.dtd">-->
<metadata xml:lang="en"><Esri><MetaID>{C3AAEF44-1574-4488-8CE6-053F07768218}</MetaID><CreaDate>20100915</CreaDate><CreaTime>15261100</CreaTime><SyncOnce>TRUE</SyncOnce><DataProperties><lineage><Process ToolSource="C:\Program Files (x86)\ArcGIS\ArcToolbox\Toolboxes\Data Management Tools.tbx\CopyFeatures" Date="20100915" Time="152611">CopyFeatures Targets_lyr E:\Projects\Zoology\Fish\Shapefiles\Perca_flavescens.shp # 0 0 0</Process></lineage></DataProperties></Esri></metadata>
