<?xml version="1.0"?>
<!--<!DOCTYPE metadata SYSTEM "http://www.esri.com/metadata/esriprof80.dtd">-->
<metadata xml:lang="en"><Esri><MetaID>{C99138F7-F67B-4EFD-B8F2-302DF001CAF9}</MetaID><CreaDate>20100915</CreaDate><CreaTime>15234700</CreaTime><SyncOnce>TRUE</SyncOnce><DataProperties><lineage><Process ToolSource="C:\Program Files (x86)\ArcGIS\ArcToolbox\Toolboxes\Data Management Tools.tbx\CopyFeatures" Date="20100915" Time="152347">CopyFeatures Targets_lyr E:\Projects\Zoology\Fish\Shapefiles\Percina_rex.shp # 0 0 0</Process></lineage></DataProperties></Esri></metadata>
