<?xml version="1.0"?>
<!--<!DOCTYPE metadata SYSTEM "http://www.esri.com/metadata/esriprof80.dtd">-->
<metadata xml:lang="en"><Esri><MetaID>{B2D9EB7C-609A-4070-9774-3A534CB8564C}</MetaID><CreaDate>20100915</CreaDate><CreaTime>15312500</CreaTime><SyncOnce>TRUE</SyncOnce><DataProperties><lineage><Process ToolSource="C:\Program Files (x86)\ArcGIS\ArcToolbox\Toolboxes\Data Management Tools.tbx\CopyFeatures" Date="20100915" Time="153125">CopyFeatures Targets_lyr E:\Projects\Zoology\Fish\Shapefiles\Percopsis_transmontana.shp # 0 0 0</Process></lineage></DataProperties></Esri></metadata>
