<?xml version="1.0"?>
<!--<!DOCTYPE metadata SYSTEM "http://www.esri.com/metadata/esriprof80.dtd">-->
<metadata xml:lang="en"><Esri><MetaID>{D7D4D7E0-B9A5-40EC-92EA-D54EAAADCAC1}</MetaID><CreaDate>20100915</CreaDate><CreaTime>15474900</CreaTime><SyncOnce>TRUE</SyncOnce><DataProperties><lineage><Process ToolSource="C:\Program Files (x86)\ArcGIS\ArcToolbox\Toolboxes\Data Management Tools.tbx\CopyFeatures" Date="20100915" Time="154749">CopyFeatures Targets_lyr E:\Projects\Zoology\Fish\Shapefiles\Percina_sciera.shp # 0 0 0</Process></lineage></DataProperties></Esri></metadata>
