<?xml version="1.0"?>
<!--<!DOCTYPE metadata SYSTEM "http://www.esri.com/metadata/esriprof80.dtd">-->
<metadata xml:lang="en"><Esri><MetaID>{F595512F-4789-44D9-8093-BE5B2AFB690E}</MetaID><CreaDate>20100915</CreaDate><CreaTime>15435900</CreaTime><SyncOnce>TRUE</SyncOnce><DataProperties><lineage><Process ToolSource="C:\Program Files (x86)\ArcGIS\ArcToolbox\Toolboxes\Data Management Tools.tbx\CopyFeatures" Date="20100915" Time="154359">CopyFeatures Targets_lyr E:\Projects\Zoology\Fish\Shapefiles\Percina_kusha.shp # 0 0 0</Process></lineage></DataProperties></Esri></metadata>
