<?xml version="1.0"?>
<!--<!DOCTYPE metadata SYSTEM "http://www.esri.com/metadata/esriprof80.dtd">-->
<metadata xml:lang="en"><Esri><MetaID>{D541BB3B-99D5-4E5E-BA93-C7777AFA8004}</MetaID><CreaDate>20100915</CreaDate><CreaTime>15383800</CreaTime><SyncOnce>TRUE</SyncOnce><DataProperties><lineage><Process ToolSource="C:\Program Files (x86)\ArcGIS\ArcToolbox\Toolboxes\Data Management Tools.tbx\CopyFeatures" Date="20100915" Time="153838">CopyFeatures Targets_lyr E:\Projects\Zoology\Fish\Shapefiles\Percina_peltata.shp # 0 0 0</Process></lineage></DataProperties></Esri></metadata>
