<?xml version="1.0"?>
<!--<!DOCTYPE metadata SYSTEM "http://www.esri.com/metadata/esriprof80.dtd">-->
<metadata xml:lang="en"><Esri><MetaID>{E509158C-9A60-4C59-93E4-AC0F9B911F64}</MetaID><CreaDate>20100915</CreaDate><CreaTime>14504300</CreaTime><SyncOnce>TRUE</SyncOnce><DataProperties><lineage><Process ToolSource="C:\Program Files (x86)\ArcGIS\ArcToolbox\Toolboxes\Data Management Tools.tbx\CopyFeatures" Date="20100915" Time="145043">CopyFeatures Targets_lyr E:\Projects\Zoology\Fish\Shapefiles\Phenacobius_crassilabrum.shp # 0 0 0</Process></lineage></DataProperties></Esri></metadata>
