<?xml version="1.0"?>
<!--<!DOCTYPE metadata SYSTEM "http://www.esri.com/metadata/esriprof80.dtd">-->
<metadata xml:lang="en"><Esri><MetaID>{5BD6EA0C-2836-4BDC-BACF-FD318F974AF5}</MetaID><CreaDate>20100915</CreaDate><CreaTime>15370600</CreaTime><SyncOnce>TRUE</SyncOnce><DataProperties><lineage><Process ToolSource="C:\Program Files (x86)\ArcGIS\ArcToolbox\Toolboxes\Data Management Tools.tbx\CopyFeatures" Date="20100915" Time="153706">CopyFeatures Targets_lyr E:\Projects\Zoology\Fish\Shapefiles\Phenacobius_mirabilis.shp # 0 0 0</Process></lineage></DataProperties></Esri></metadata>
