<?xml version="1.0"?>
<!--<!DOCTYPE metadata SYSTEM "http://www.esri.com/metadata/esriprof80.dtd">-->
<metadata xml:lang="en"><Esri><MetaID>{9C89C2F8-2E87-4C01-B429-F8F823D83FB6}</MetaID><CreaDate>20100915</CreaDate><CreaTime>15505100</CreaTime><SyncOnce>TRUE</SyncOnce><DataProperties><lineage><Process ToolSource="C:\Program Files (x86)\ArcGIS\ArcToolbox\Toolboxes\Data Management Tools.tbx\CopyFeatures" Date="20100915" Time="155051">CopyFeatures Targets_lyr E:\Projects\Zoology\Fish\Shapefiles\Phoxinus_cumberlandensis.shp # 0 0 0</Process></lineage></DataProperties></Esri></metadata>
