<?xml version="1.0"?>
<!--<!DOCTYPE metadata SYSTEM "http://www.esri.com/metadata/esriprof80.dtd">-->
<metadata xml:lang="en"><Esri><MetaID>{14C6A9F2-6D35-48AA-8AF6-384B40436FD0}</MetaID><CreaDate>20100915</CreaDate><CreaTime>15134100</CreaTime><SyncOnce>TRUE</SyncOnce><DataProperties><lineage><Process ToolSource="C:\Program Files (x86)\ArcGIS\ArcToolbox\Toolboxes\Data Management Tools.tbx\CopyFeatures" Date="20100915" Time="151341">CopyFeatures Targets_lyr E:\Projects\Zoology\Fish\Shapefiles\Phoxinus_oreas.shp # 0 0 0</Process></lineage></DataProperties></Esri></metadata>
