<?xml version="1.0"?>
<!--<!DOCTYPE metadata SYSTEM "http://www.esri.com/metadata/esriprof80.dtd">-->
<metadata xml:lang="en"><Esri><MetaID>{ADE9800D-EC68-45DE-A85A-D9976E071A8B}</MetaID><CreaDate>20100915</CreaDate><CreaTime>15372700</CreaTime><SyncOnce>TRUE</SyncOnce><DataProperties><lineage><Process ToolSource="C:\Program Files (x86)\ArcGIS\ArcToolbox\Toolboxes\Data Management Tools.tbx\CopyFeatures" Date="20100915" Time="153727">CopyFeatures Targets_lyr E:\Projects\Zoology\Fish\Shapefiles\Phoxinus_eos.shp # 0 0 0</Process></lineage></DataProperties></Esri></metadata>
