<?xml version="1.0"?>
<!--<!DOCTYPE metadata SYSTEM "http://www.esri.com/metadata/esriprof80.dtd">-->
<metadata xml:lang="en"><Esri><MetaID>{7E1D930F-91EE-4899-BE70-6B45A740B58F}</MetaID><CreaDate>20100915</CreaDate><CreaTime>15230600</CreaTime><SyncOnce>TRUE</SyncOnce><DataProperties><lineage><Process ToolSource="C:\Program Files (x86)\ArcGIS\ArcToolbox\Toolboxes\Data Management Tools.tbx\CopyFeatures" Date="20100915" Time="152306">CopyFeatures Targets_lyr E:\Projects\Zoology\Fish\Shapefiles\Pimephales_promelas.shp # 0 0 0</Process></lineage></DataProperties></Esri></metadata>
