<?xml version="1.0"?>
<!--<!DOCTYPE metadata SYSTEM "http://www.esri.com/metadata/esriprof80.dtd">-->
<metadata xml:lang="en"><Esri><MetaID>{4DBEAFCA-5F07-45C5-9AE1-5AD2A535E618}</MetaID><CreaDate>20100915</CreaDate><CreaTime>15272800</CreaTime><SyncOnce>TRUE</SyncOnce><DataProperties><lineage><Process ToolSource="C:\Program Files (x86)\ArcGIS\ArcToolbox\Toolboxes\Data Management Tools.tbx\CopyFeatures" Date="20100915" Time="152728">CopyFeatures Targets_lyr E:\Projects\Zoology\Fish\Shapefiles\Pimephales_notatus.shp # 0 0 0</Process></lineage></DataProperties></Esri></metadata>
