<?xml version="1.0"?>
<!--<!DOCTYPE metadata SYSTEM "http://www.esri.com/metadata/esriprof80.dtd">-->
<metadata xml:lang="en"><Esri><MetaID>{70E2D335-DAC6-47FA-BB6E-9E080A0309D3}</MetaID><CreaDate>20100915</CreaDate><CreaTime>15230700</CreaTime><SyncOnce>TRUE</SyncOnce><DataProperties><lineage><Process ToolSource="C:\Program Files (x86)\ArcGIS\ArcToolbox\Toolboxes\Data Management Tools.tbx\CopyFeatures" Date="20100915" Time="152307">CopyFeatures Targets_lyr E:\Projects\Zoology\Fish\Shapefiles\Plagopterus_argentissimus.shp # 0 0 0</Process></lineage></DataProperties></Esri></metadata>
