<?xml version="1.0"?>
<!--<!DOCTYPE metadata SYSTEM "http://www.esri.com/metadata/esriprof80.dtd">-->
<metadata xml:lang="en"><Esri><MetaID>{300858EA-4680-4D3D-937F-F6B61800E7D3}</MetaID><CreaDate>20100915</CreaDate><CreaTime>14504600</CreaTime><SyncOnce>TRUE</SyncOnce><DataProperties><lineage><Process ToolSource="C:\Program Files (x86)\ArcGIS\ArcToolbox\Toolboxes\Data Management Tools.tbx\CopyFeatures" Date="20100915" Time="145046">CopyFeatures Targets_lyr E:\Projects\Zoology\Fish\Shapefiles\Pogonichthys_ciscoides.shp # 0 0 0</Process></lineage></DataProperties></Esri></metadata>
