<?xml version="1.0"?>
<!--<!DOCTYPE metadata SYSTEM "http://www.esri.com/metadata/esriprof80.dtd">-->
<metadata xml:lang="en"><Esri><MetaID>{093285DC-F480-4A07-9357-C22643F4069C}</MetaID><CreaDate>20100915</CreaDate><CreaTime>15415900</CreaTime><SyncOnce>TRUE</SyncOnce><DataProperties><lineage><Process ToolSource="C:\Program Files (x86)\ArcGIS\ArcToolbox\Toolboxes\Data Management Tools.tbx\CopyFeatures" Date="20100915" Time="154159">CopyFeatures Targets_lyr E:\Projects\Zoology\Fish\Shapefiles\Pogonichthys_macrolepidotus.shp # 0 0 0</Process></lineage></DataProperties></Esri></metadata>
