<?xml version="1.0"?>
<!--<!DOCTYPE metadata SYSTEM "http://www.esri.com/metadata/esriprof80.dtd">-->
<metadata xml:lang="en"><Esri><MetaID>{228A7FE5-CC2D-4B64-AAD0-FBA136DD86D3}</MetaID><CreaDate>20100915</CreaDate><CreaTime>15264000</CreaTime><SyncOnce>TRUE</SyncOnce><DataProperties><lineage><Process ToolSource="C:\Program Files (x86)\ArcGIS\ArcToolbox\Toolboxes\Data Management Tools.tbx\CopyFeatures" Date="20100915" Time="152640">CopyFeatures Targets_lyr E:\Projects\Zoology\Fish\Shapefiles\Pomoxis_nigromaculatus.shp # 0 0 0</Process></lineage></DataProperties></Esri></metadata>
