<?xml version="1.0"?>
<!--<!DOCTYPE metadata SYSTEM "http://www.esri.com/metadata/esriprof80.dtd">-->
<metadata xml:lang="en"><Esri><MetaID>{8621D39A-8BD3-493A-8ABB-151C531EAC42}</MetaID><CreaDate>20100915</CreaDate><CreaTime>15472700</CreaTime><SyncOnce>TRUE</SyncOnce><DataProperties><lineage><Process ToolSource="C:\Program Files (x86)\ArcGIS\ArcToolbox\Toolboxes\Data Management Tools.tbx\CopyFeatures" Date="20100915" Time="154727">CopyFeatures Targets_lyr E:\Projects\Zoology\Fish\Shapefiles\Pomoxis_annularis.shp # 0 0 0</Process></lineage></DataProperties></Esri></metadata>
