<?xml version="1.0"?>
<!--<!DOCTYPE metadata SYSTEM "http://www.esri.com/metadata/esriprof80.dtd">-->
<metadata xml:lang="en"><Esri><MetaID>{1726B3A8-896F-4DB3-BAA1-959B615AA768}</MetaID><CreaDate>20100915</CreaDate><CreaTime>15160300</CreaTime><SyncOnce>TRUE</SyncOnce><DataProperties><lineage><Process ToolSource="C:\Program Files (x86)\ArcGIS\ArcToolbox\Toolboxes\Data Management Tools.tbx\CopyFeatures" Date="20100915" Time="151603">CopyFeatures Targets_lyr E:\Projects\Zoology\Fish\Shapefiles\Prosopium_spilonotus.shp # 0 0 0</Process></lineage></DataProperties></Esri></metadata>
