<?xml version="1.0"?>
<!--<!DOCTYPE metadata SYSTEM "http://www.esri.com/metadata/esriprof80.dtd">-->
<metadata xml:lang="en"><Esri><MetaID>{41D20FB9-C149-42BA-A79F-B4056AB07BF9}</MetaID><CreaDate>20100915</CreaDate><CreaTime>15531700</CreaTime><SyncOnce>TRUE</SyncOnce><DataProperties><lineage><Process ToolSource="C:\Program Files (x86)\ArcGIS\ArcToolbox\Toolboxes\Data Management Tools.tbx\CopyFeatures" Date="20100915" Time="155317">CopyFeatures Targets_lyr E:\Projects\Zoology\Fish\Shapefiles\Pteronotropis_hypselopterus.shp # 0 0 0</Process></lineage></DataProperties></Esri></metadata>
