<?xml version="1.0"?>
<!--<!DOCTYPE metadata SYSTEM "http://www.esri.com/metadata/esriprof80.dtd">-->
<metadata xml:lang="en"><Esri><MetaID>{C0D8E99B-B0C2-44F8-9F2C-4625C8A5643A}</MetaID><CreaDate>20100915</CreaDate><CreaTime>15425600</CreaTime><SyncOnce>TRUE</SyncOnce><DataProperties><lineage><Process ToolSource="C:\Program Files (x86)\ArcGIS\ArcToolbox\Toolboxes\Data Management Tools.tbx\CopyFeatures" Date="20100915" Time="154256">CopyFeatures Targets_lyr E:\Projects\Zoology\Fish\Shapefiles\Pteronotropis_welaka.shp # 0 0 0</Process></lineage></DataProperties></Esri></metadata>
