<?xml version="1.0"?>
<!--<!DOCTYPE metadata SYSTEM "http://www.esri.com/metadata/esriprof80.dtd">-->
<metadata xml:lang="en"><Esri><MetaID>{9D1E220D-C421-43B1-9EAC-835CF758F240}</MetaID><CreaDate>20100915</CreaDate><CreaTime>15532200</CreaTime><SyncOnce>TRUE</SyncOnce><DataProperties><lineage><Process ToolSource="C:\Program Files (x86)\ArcGIS\ArcToolbox\Toolboxes\Data Management Tools.tbx\CopyFeatures" Date="20100915" Time="155322">CopyFeatures Targets_lyr E:\Projects\Zoology\Fish\Shapefiles\Pteronotropis_metallicus.shp # 0 0 0</Process></lineage></DataProperties></Esri></metadata>
