<?xml version="1.0"?>
<!--<!DOCTYPE metadata SYSTEM "http://www.esri.com/metadata/esriprof80.dtd">-->
<metadata xml:lang="en"><Esri><MetaID>{952F2244-ECD5-4D39-886D-CD7CDAB2FD9E}</MetaID><CreaDate>20100915</CreaDate><CreaTime>14514900</CreaTime><SyncOnce>TRUE</SyncOnce><DataProperties><lineage><Process ToolSource="C:\Program Files (x86)\ArcGIS\ArcToolbox\Toolboxes\Data Management Tools.tbx\CopyFeatures" Date="20100915" Time="145149">CopyFeatures Targets_lyr E:\Projects\Zoology\Fish\Shapefiles\Pteronotropis_euryzonus.shp # 0 0 0</Process></lineage></DataProperties></Esri></metadata>
