<?xml version="1.0"?>
<!--<!DOCTYPE metadata SYSTEM "http://www.esri.com/metadata/esriprof80.dtd">-->
<metadata xml:lang="en"><Esri><MetaID>{150D6202-D592-47DC-9FBD-00BB08F3AE9A}</MetaID><CreaDate>20100915</CreaDate><CreaTime>15391800</CreaTime><SyncOnce>TRUE</SyncOnce><DataProperties><lineage><Process ToolSource="C:\Program Files (x86)\ArcGIS\ArcToolbox\Toolboxes\Data Management Tools.tbx\CopyFeatures" Date="20100915" Time="153918">CopyFeatures Targets_lyr E:\Projects\Zoology\Fish\Shapefiles\Ptychocheilus_umpquae.shp # 0 0 0</Process></lineage></DataProperties></Esri></metadata>
