<?xml version="1.0"?>
<!--<!DOCTYPE metadata SYSTEM "http://www.esri.com/metadata/esriprof80.dtd">-->
<metadata xml:lang="en"><Esri><MetaID>{CC1B3029-2C14-4F5B-A94F-9F512D09C39E}</MetaID><CreaDate>20100915</CreaDate><CreaTime>15410600</CreaTime><SyncOnce>TRUE</SyncOnce><DataProperties><lineage><Process ToolSource="C:\Program Files (x86)\ArcGIS\ArcToolbox\Toolboxes\Data Management Tools.tbx\CopyFeatures" Date="20100915" Time="154106">CopyFeatures Targets_lyr E:\Projects\Zoology\Fish\Shapefiles\Pylodictis_olivaris.shp # 0 0 0</Process></lineage></DataProperties></Esri></metadata>
