<?xml version="1.0"?>
<!--<!DOCTYPE metadata SYSTEM "http://www.esri.com/metadata/esriprof80.dtd">-->
<metadata xml:lang="en"><Esri><MetaID>{843D2825-5433-40C4-83B2-275A64C6B045}</MetaID><CreaDate>20100915</CreaDate><CreaTime>15440300</CreaTime><SyncOnce>TRUE</SyncOnce><DataProperties><lineage><Process ToolSource="C:\Program Files (x86)\ArcGIS\ArcToolbox\Toolboxes\Data Management Tools.tbx\CopyFeatures" Date="20100915" Time="154403">CopyFeatures Targets_lyr E:\Projects\Zoology\Fish\Shapefiles\Dorosoma_petenense.shp # 0 0 0</Process></lineage></DataProperties></Esri></metadata>
