<?xml version="1.0"?>
<!--<!DOCTYPE metadata SYSTEM "http://www.esri.com/metadata/esriprof80.dtd">-->
<metadata xml:lang="en"><Esri><MetaID>{A317F139-F438-4CAC-A150-DD8410959882}</MetaID><CreaDate>20100915</CreaDate><CreaTime>15253500</CreaTime><SyncOnce>TRUE</SyncOnce><DataProperties><lineage><Process ToolSource="C:\Program Files (x86)\ArcGIS\ArcToolbox\Toolboxes\Data Management Tools.tbx\CopyFeatures" Date="20100915" Time="152535">CopyFeatures Targets_lyr E:\Projects\Zoology\Fish\Shapefiles\Ichthyomyzon_fossor.shp # 0 0 0</Process></lineage></DataProperties></Esri></metadata>
