<?xml version="1.0"?>
<!--<!DOCTYPE metadata SYSTEM "http://www.esri.com/metadata/esriprof80.dtd">-->
<metadata xml:lang="en"><Esri><MetaID>{D9F4A410-3E75-41B5-BEC7-18DCCC9C83D0}</MetaID><CreaDate>20100915</CreaDate><CreaTime>15262100</CreaTime><SyncOnce>TRUE</SyncOnce><DataProperties><lineage><Process ToolSource="C:\Program Files (x86)\ArcGIS\ArcToolbox\Toolboxes\Data Management Tools.tbx\CopyFeatures" Date="20100915" Time="152621">CopyFeatures Targets_lyr E:\Projects\Zoology\Fish\Shapefiles\Ictalurus_lupus.shp # 0 0 0</Process></lineage></DataProperties></Esri></metadata>
