<?xml version="1.0"?>
<!--<!DOCTYPE metadata SYSTEM "http://www.esri.com/metadata/esriprof80.dtd">-->
<metadata xml:lang="en"><Esri><MetaID>{BDF1168A-DC20-47AF-9DAA-5A40BCF12876}</MetaID><CreaDate>20100915</CreaDate><CreaTime>15334200</CreaTime><SyncOnce>TRUE</SyncOnce><DataProperties><lineage><Process ToolSource="C:\Program Files (x86)\ArcGIS\ArcToolbox\Toolboxes\Data Management Tools.tbx\CopyFeatures" Date="20100915" Time="153342">CopyFeatures Targets_lyr E:\Projects\Zoology\Fish\Shapefiles\Ictalurus_sp__1.shp # 0 0 0</Process></lineage></DataProperties></Esri></metadata>
