<?xml version="1.0"?>
<!--<!DOCTYPE metadata SYSTEM "http://www.esri.com/metadata/esriprof80.dtd">-->
<metadata xml:lang="en"><Esri><MetaID>{FEB78517-5FF4-4C61-9AF0-346B9D5532D8}</MetaID><CreaDate>20100915</CreaDate><CreaTime>15382900</CreaTime><SyncOnce>TRUE</SyncOnce><DataProperties><lineage><Process ToolSource="C:\Program Files (x86)\ArcGIS\ArcToolbox\Toolboxes\Data Management Tools.tbx\CopyFeatures" Date="20100915" Time="153829">CopyFeatures Targets_lyr E:\Projects\Zoology\Fish\Shapefiles\Ictalurus_furcatus.shp # 0 0 0</Process></lineage></DataProperties></Esri></metadata>
