<?xml version="1.0"?>
<!--<!DOCTYPE metadata SYSTEM "http://www.esri.com/metadata/esriprof80.dtd">-->
<metadata xml:lang="en"><Esri><MetaID>{BD941749-DFC7-4BB0-8468-11530F4E84EA}</MetaID><CreaDate>20100915</CreaDate><CreaTime>15392000</CreaTime><SyncOnce>TRUE</SyncOnce><DataProperties><lineage><Process ToolSource="C:\Program Files (x86)\ArcGIS\ArcToolbox\Toolboxes\Data Management Tools.tbx\CopyFeatures" Date="20100915" Time="153920">CopyFeatures Targets_lyr E:\Projects\Zoology\Fish\Shapefiles\Ictiobus_bubalus.shp # 0 0 0</Process></lineage></DataProperties></Esri></metadata>
