<?xml version="1.0"?>
<!--<!DOCTYPE metadata SYSTEM "http://www.esri.com/metadata/esriprof80.dtd">-->
<metadata xml:lang="en"><Esri><MetaID>{468C8573-9021-46FE-964E-FDA610456413}</MetaID><CreaDate>20100915</CreaDate><CreaTime>15160700</CreaTime><SyncOnce>TRUE</SyncOnce><DataProperties><lineage><Process ToolSource="C:\Program Files (x86)\ArcGIS\ArcToolbox\Toolboxes\Data Management Tools.tbx\CopyFeatures" Date="20100915" Time="151607">CopyFeatures Targets_lyr E:\Projects\Zoology\Fish\Shapefiles\Ictiobus_cyprinellus.shp # 0 0 0</Process></lineage></DataProperties></Esri></metadata>
