<?xml version="1.0"?>
<!--<!DOCTYPE metadata SYSTEM "http://www.esri.com/metadata/esriprof80.dtd">-->
<metadata xml:lang="en"><Esri><MetaID>{3B1B3ADB-AD42-47F8-B934-ECB3814C8E62}</MetaID><CreaDate>20100915</CreaDate><CreaTime>15303100</CreaTime><SyncOnce>TRUE</SyncOnce><DataProperties><lineage><Process ToolSource="C:\Program Files (x86)\ArcGIS\ArcToolbox\Toolboxes\Data Management Tools.tbx\CopyFeatures" Date="20100915" Time="153031">CopyFeatures Targets_lyr E:\Projects\Zoology\Fish\Shapefiles\Labidesthes_sicculus.shp # 0 0 0</Process></lineage></DataProperties></Esri></metadata>
