<?xml version="1.0"?>
<!--<!DOCTYPE metadata SYSTEM "http://www.esri.com/metadata/esriprof80.dtd">-->
<metadata xml:lang="en"><Esri><MetaID>{E4EC29C3-302B-4490-B9E5-D34A4296D1DF}</MetaID><CreaDate>20100915</CreaDate><CreaTime>15513900</CreaTime><SyncOnce>TRUE</SyncOnce><DataProperties><lineage><Process ToolSource="C:\Program Files (x86)\ArcGIS\ArcToolbox\Toolboxes\Data Management Tools.tbx\CopyFeatures" Date="20100915" Time="155139">CopyFeatures Targets_lyr E:\Projects\Zoology\Fish\Shapefiles\Lampetra_sp__1.shp # 0 0 0</Process></lineage></DataProperties></Esri></metadata>
