<?xml version="1.0"?>
<!--<!DOCTYPE metadata SYSTEM "http://www.esri.com/metadata/esriprof80.dtd">-->
<metadata xml:lang="en"><Esri><MetaID>{A175590B-AA59-4480-8F3B-8F33CD56844C}</MetaID><CreaDate>20100915</CreaDate><CreaTime>15273000</CreaTime><SyncOnce>TRUE</SyncOnce><DataProperties><lineage><Process ToolSource="C:\Program Files (x86)\ArcGIS\ArcToolbox\Toolboxes\Data Management Tools.tbx\CopyFeatures" Date="20100915" Time="152730">CopyFeatures Targets_lyr E:\Projects\Zoology\Fish\Shapefiles\Lampetra_aepyptera.shp # 0 0 0</Process></lineage></DataProperties></Esri></metadata>
