<?xml version="1.0"?>
<!--<!DOCTYPE metadata SYSTEM "http://www.esri.com/metadata/esriprof80.dtd">-->
<metadata xml:lang="en"><Esri><MetaID>{CACC648A-E3F0-4024-B67B-7CDB1FAF7531}</MetaID><CreaDate>20100915</CreaDate><CreaTime>15260200</CreaTime><SyncOnce>TRUE</SyncOnce><DataProperties><lineage><Process ToolSource="C:\Program Files (x86)\ArcGIS\ArcToolbox\Toolboxes\Data Management Tools.tbx\CopyFeatures" Date="20100915" Time="152602">CopyFeatures Targets_lyr E:\Projects\Zoology\Fish\Shapefiles\Lampetra_richardsoni.shp # 0 0 0</Process></lineage></DataProperties></Esri></metadata>
