<?xml version="1.0"?>
<!--<!DOCTYPE metadata SYSTEM "http://www.esri.com/metadata/esriprof80.dtd">-->
<metadata xml:lang="en"><Esri><MetaID>{CF38AA84-318B-49C7-AF53-D9EBEBC602C8}</MetaID><CreaDate>20100915</CreaDate><CreaTime>15320000</CreaTime><SyncOnce>TRUE</SyncOnce><DataProperties><lineage><Process ToolSource="C:\Program Files (x86)\ArcGIS\ArcToolbox\Toolboxes\Data Management Tools.tbx\CopyFeatures" Date="20100915" Time="153200">CopyFeatures Targets_lyr E:\Projects\Zoology\Fish\Shapefiles\Lentipes_concolor.shp # 0 0 0</Process></lineage></DataProperties></Esri></metadata>
