<?xml version="1.0"?>
<!--<!DOCTYPE metadata SYSTEM "http://www.esri.com/metadata/esriprof80.dtd">-->
<metadata xml:lang="en"><Esri><MetaID>{093F928C-0D01-4242-96D3-FF05A1D4BA1E}</MetaID><CreaDate>20100915</CreaDate><CreaTime>15484900</CreaTime><SyncOnce>TRUE</SyncOnce><DataProperties><lineage><Process ToolSource="C:\Program Files (x86)\ArcGIS\ArcToolbox\Toolboxes\Data Management Tools.tbx\CopyFeatures" Date="20100915" Time="154849">CopyFeatures Targets_lyr E:\Projects\Zoology\Fish\Shapefiles\Lepisosteus_osseus.shp # 0 0 0</Process></lineage></DataProperties></Esri></metadata>
