<?xml version="1.0"?>
<!--<!DOCTYPE metadata SYSTEM "http://www.esri.com/metadata/esriprof80.dtd">-->
<metadata xml:lang="en"><Esri><MetaID>{349AD6FB-1716-48F9-B3A2-A7C96FDDBBD9}</MetaID><CreaDate>20100915</CreaDate><CreaTime>15204500</CreaTime><SyncOnce>TRUE</SyncOnce><DataProperties><lineage><Process ToolSource="C:\Program Files (x86)\ArcGIS\ArcToolbox\Toolboxes\Data Management Tools.tbx\CopyFeatures" Date="20100915" Time="152045">CopyFeatures Targets_lyr E:\Projects\Zoology\Fish\Shapefiles\Lepidomeda_albivallis.shp # 0 0 0</Process></lineage></DataProperties></Esri></metadata>
