<?xml version="1.0"?>
<!--<!DOCTYPE metadata SYSTEM "http://www.esri.com/metadata/esriprof80.dtd">-->
<metadata xml:lang="en"><Esri><MetaID>{09987F52-D3F0-454C-AD23-927910F768DC}</MetaID><CreaDate>20100915</CreaDate><CreaTime>15514400</CreaTime><SyncOnce>TRUE</SyncOnce><DataProperties><lineage><Process ToolSource="C:\Program Files (x86)\ArcGIS\ArcToolbox\Toolboxes\Data Management Tools.tbx\CopyFeatures" Date="20100915" Time="155144">CopyFeatures Targets_lyr E:\Projects\Zoology\Fish\Shapefiles\Lepidomeda_copei.shp # 0 0 0</Process></lineage></DataProperties></Esri></metadata>
