<?xml version="1.0"?>
<!--<!DOCTYPE metadata SYSTEM "http://www.esri.com/metadata/esriprof80.dtd">-->
<metadata xml:lang="en"><Esri><MetaID>{7FE5073B-A680-4EBE-A2A7-2F2CF07CCEE4}</MetaID><CreaDate>20100915</CreaDate><CreaTime>15514100</CreaTime><SyncOnce>TRUE</SyncOnce><DataProperties><lineage><Process ToolSource="C:\Program Files (x86)\ArcGIS\ArcToolbox\Toolboxes\Data Management Tools.tbx\CopyFeatures" Date="20100915" Time="155141">CopyFeatures Targets_lyr E:\Projects\Zoology\Fish\Shapefiles\Lepidomeda_aliciae.shp # 0 0 0</Process></lineage></DataProperties></Esri></metadata>
