<?xml version="1.0"?>
<!--<!DOCTYPE metadata SYSTEM "http://www.esri.com/metadata/esriprof80.dtd">-->
<metadata xml:lang="en"><Esri><MetaID>{AA94ADC8-D1C6-4040-9070-4186617C25AB}</MetaID><CreaDate>20100915</CreaDate><CreaTime>15385700</CreaTime><SyncOnce>TRUE</SyncOnce><DataProperties><lineage><Process ToolSource="C:\Program Files (x86)\ArcGIS\ArcToolbox\Toolboxes\Data Management Tools.tbx\CopyFeatures" Date="20100915" Time="153857">CopyFeatures Targets_lyr E:\Projects\Zoology\Fish\Shapefiles\Lepidomeda_mollispinis.shp # 0 0 0</Process></lineage></DataProperties></Esri></metadata>
