<?xml version="1.0"?>
<!--<!DOCTYPE metadata SYSTEM "http://www.esri.com/metadata/esriprof80.dtd">-->
<metadata xml:lang="en"><Esri><MetaID>{4097902C-3E30-4AD4-AEE4-BDDFC282A00D}</MetaID><CreaDate>20100915</CreaDate><CreaTime>15145300</CreaTime><SyncOnce>TRUE</SyncOnce><DataProperties><lineage><Process ToolSource="C:\Program Files (x86)\ArcGIS\ArcToolbox\Toolboxes\Data Management Tools.tbx\CopyFeatures" Date="20100915" Time="151453">CopyFeatures Targets_lyr E:\Projects\Zoology\Fish\Shapefiles\Lepidomeda_altivelis.shp # 0 0 0</Process></lineage></DataProperties></Esri></metadata>
