<?xml version="1.0"?>
<!--<!DOCTYPE metadata SYSTEM "http://www.esri.com/metadata/esriprof80.dtd">-->
<metadata xml:lang="en"><Esri><MetaID>{B3212DA8-3616-4709-BA6A-FB6AC708265E}</MetaID><CreaDate>20100915</CreaDate><CreaTime>15442200</CreaTime><SyncOnce>TRUE</SyncOnce><DataProperties><lineage><Process ToolSource="C:\Program Files (x86)\ArcGIS\ArcToolbox\Toolboxes\Data Management Tools.tbx\CopyFeatures" Date="20100915" Time="154422">CopyFeatures Targets_lyr E:\Projects\Zoology\Fish\Shapefiles\Lepisosteus_platostomus.shp # 0 0 0</Process></lineage></DataProperties></Esri></metadata>
