<?xml version="1.0"?>
<!--<!DOCTYPE metadata SYSTEM "http://www.esri.com/metadata/esriprof80.dtd">-->
<metadata xml:lang="en"><Esri><MetaID>{2D07760C-8125-427E-B529-ED3D094423A6}</MetaID><CreaDate>20100915</CreaDate><CreaTime>15142900</CreaTime><SyncOnce>TRUE</SyncOnce><DataProperties><lineage><Process ToolSource="C:\Program Files (x86)\ArcGIS\ArcToolbox\Toolboxes\Data Management Tools.tbx\CopyFeatures" Date="20100915" Time="151429">CopyFeatures Targets_lyr E:\Projects\Zoology\Fish\Shapefiles\Lepomis_auritus.shp # 0 0 0</Process></lineage></DataProperties></Esri></metadata>
