<?xml version="1.0"?>
<!--<!DOCTYPE metadata SYSTEM "http://www.esri.com/metadata/esriprof80.dtd">-->
<metadata xml:lang="en"><Esri><MetaID>{C5409AA2-BC14-4990-9AD0-7A51E228E3B5}</MetaID><CreaDate>20100915</CreaDate><CreaTime>15253100</CreaTime><SyncOnce>TRUE</SyncOnce><DataProperties><lineage><Process ToolSource="C:\Program Files (x86)\ArcGIS\ArcToolbox\Toolboxes\Data Management Tools.tbx\CopyFeatures" Date="20100915" Time="152531">CopyFeatures Targets_lyr E:\Projects\Zoology\Fish\Shapefiles\Lepomis_gulosus.shp # 0 0 0</Process></lineage></DataProperties></Esri></metadata>
