<?xml version="1.0"?>
<!--<!DOCTYPE metadata SYSTEM "http://www.esri.com/metadata/esriprof80.dtd">-->
<metadata xml:lang="en"><Esri><MetaID>{601F655A-9809-45AF-AFBD-53C0FF0DC3AA}</MetaID><CreaDate>20100915</CreaDate><CreaTime>15384900</CreaTime><SyncOnce>TRUE</SyncOnce><DataProperties><lineage><Process ToolSource="C:\Program Files (x86)\ArcGIS\ArcToolbox\Toolboxes\Data Management Tools.tbx\CopyFeatures" Date="20100915" Time="153849">CopyFeatures Targets_lyr E:\Projects\Zoology\Fish\Shapefiles\Lepomis_gibbosus.shp # 0 0 0</Process></lineage></DataProperties></Esri></metadata>
