<?xml version="1.0"?>
<!--<!DOCTYPE metadata SYSTEM "http://www.esri.com/metadata/esriprof80.dtd">-->
<metadata xml:lang="en"><Esri><MetaID>{DC1C9983-D354-42CF-9E4F-2CDD2EF3E07B}</MetaID><CreaDate>20100915</CreaDate><CreaTime>14514500</CreaTime><SyncOnce>TRUE</SyncOnce><DataProperties><lineage><Process ToolSource="C:\Program Files (x86)\ArcGIS\ArcToolbox\Toolboxes\Data Management Tools.tbx\CopyFeatures" Date="20100915" Time="145145">CopyFeatures Targets_lyr E:\Projects\Zoology\Fish\Shapefiles\Lepomis_punctatus.shp # 0 0 0</Process></lineage></DataProperties></Esri></metadata>
