<?xml version="1.0"?>
<!--<!DOCTYPE metadata SYSTEM "http://www.esri.com/metadata/esriprof80.dtd">-->
<metadata xml:lang="en"><Esri><MetaID>{8257D18F-03D3-440C-ACDF-F115BDFEA3E8}</MetaID><CreaDate>20100915</CreaDate><CreaTime>15305500</CreaTime><SyncOnce>TRUE</SyncOnce><DataProperties><lineage><Process ToolSource="C:\Program Files (x86)\ArcGIS\ArcToolbox\Toolboxes\Data Management Tools.tbx\CopyFeatures" Date="20100915" Time="153055">CopyFeatures Targets_lyr E:\Projects\Zoology\Fish\Shapefiles\Lepomis_cyanellus.shp # 0 0 0</Process></lineage></DataProperties></Esri></metadata>
