<?xml version="1.0"?>
<!--<!DOCTYPE metadata SYSTEM "http://www.esri.com/metadata/esriprof80.dtd">-->
<metadata xml:lang="en"><Esri><MetaID>{68631F35-8C83-46F6-B45E-6BF6BE7F661A}</MetaID><CreaDate>20100915</CreaDate><CreaTime>15302300</CreaTime><SyncOnce>TRUE</SyncOnce><DataProperties><lineage><Process ToolSource="C:\Program Files (x86)\ArcGIS\ArcToolbox\Toolboxes\Data Management Tools.tbx\CopyFeatures" Date="20100915" Time="153023">CopyFeatures Targets_lyr E:\Projects\Zoology\Fish\Shapefiles\Lepomis_symmetricus.shp # 0 0 0</Process></lineage></DataProperties></Esri></metadata>
