<?xml version="1.0"?>
<!--<!DOCTYPE metadata SYSTEM "http://www.esri.com/metadata/esriprof80.dtd">-->
<metadata xml:lang="en"><Esri><MetaID>{3361CD68-8D53-4199-9E57-C566E68EB70D}</MetaID><CreaDate>20100915</CreaDate><CreaTime>15364500</CreaTime><SyncOnce>TRUE</SyncOnce><DataProperties><lineage><Process ToolSource="C:\Program Files (x86)\ArcGIS\ArcToolbox\Toolboxes\Data Management Tools.tbx\CopyFeatures" Date="20100915" Time="153645">CopyFeatures Targets_lyr E:\Projects\Zoology\Fish\Shapefiles\Leptolucania_ommata.shp # 0 0 0</Process></lineage></DataProperties></Esri></metadata>
