<?xml version="1.0"?>
<!--<!DOCTYPE metadata SYSTEM "http://www.esri.com/metadata/esriprof80.dtd">-->
<metadata xml:lang="en"><Esri><MetaID>{4A5FC3C6-1B8B-4AD6-9A8B-0C055C4B31D2}</MetaID><CreaDate>20100915</CreaDate><CreaTime>15153300</CreaTime><SyncOnce>TRUE</SyncOnce><DataProperties><lineage><Process ToolSource="C:\Program Files (x86)\ArcGIS\ArcToolbox\Toolboxes\Data Management Tools.tbx\CopyFeatures" Date="20100915" Time="151533">CopyFeatures Targets_lyr E:\Projects\Zoology\Fish\Shapefiles\Lota_lota.shp # 0 0 0</Process></lineage></DataProperties></Esri></metadata>
