<?xml version="1.0"?>
<!--<!DOCTYPE metadata SYSTEM "http://www.esri.com/metadata/esriprof80.dtd">-->
<metadata xml:lang="en"><Esri><MetaID>{D39FC8AE-6A2A-4061-8540-88CCE6F26971}</MetaID><CreaDate>20100915</CreaDate><CreaTime>15420600</CreaTime><SyncOnce>TRUE</SyncOnce><DataProperties><lineage><Process ToolSource="C:\Program Files (x86)\ArcGIS\ArcToolbox\Toolboxes\Data Management Tools.tbx\CopyFeatures" Date="20100915" Time="154206">CopyFeatures Targets_lyr E:\Projects\Zoology\Fish\Shapefiles\Luxilus_coccogenis.shp # 0 0 0</Process></lineage></DataProperties></Esri></metadata>
