<?xml version="1.0"?>
<!--<!DOCTYPE metadata SYSTEM "http://www.esri.com/metadata/esriprof80.dtd">-->
<metadata xml:lang="en"><Esri><MetaID>{BEF8F84A-D609-4539-B5F4-9E2861AD3B50}</MetaID><CreaDate>20100915</CreaDate><CreaTime>15424400</CreaTime><SyncOnce>TRUE</SyncOnce><DataProperties><lineage><Process ToolSource="C:\Program Files (x86)\ArcGIS\ArcToolbox\Toolboxes\Data Management Tools.tbx\CopyFeatures" Date="20100915" Time="154244">CopyFeatures Targets_lyr E:\Projects\Zoology\Fish\Shapefiles\Luxilus_cerasinus.shp # 0 0 0</Process></lineage></DataProperties></Esri></metadata>
