<?xml version="1.0"?>
<!--<!DOCTYPE metadata SYSTEM "http://www.esri.com/metadata/esriprof80.dtd">-->
<metadata xml:lang="en"><Esri><MetaID>{ECB596CF-4DC0-4D05-8A9E-1A7D935FA557}</MetaID><CreaDate>20100915</CreaDate><CreaTime>15311400</CreaTime><SyncOnce>TRUE</SyncOnce><DataProperties><lineage><Process ToolSource="C:\Program Files (x86)\ArcGIS\ArcToolbox\Toolboxes\Data Management Tools.tbx\CopyFeatures" Date="20100915" Time="153114">CopyFeatures Targets_lyr E:\Projects\Zoology\Fish\Shapefiles\Lythrurus_snelsoni.shp # 0 0 0</Process></lineage></DataProperties></Esri></metadata>
