<?xml version="1.0"?>
<!--<!DOCTYPE metadata SYSTEM "http://www.esri.com/metadata/esriprof80.dtd">-->
<metadata xml:lang="en"><Esri><MetaID>{008E7D3A-3EFA-4E48-8D0C-E95400633D3E}</MetaID><CreaDate>20100915</CreaDate><CreaTime>14505800</CreaTime><SyncOnce>TRUE</SyncOnce><DataProperties><lineage><Process ToolSource="C:\Program Files (x86)\ArcGIS\ArcToolbox\Toolboxes\Data Management Tools.tbx\CopyFeatures" Date="20100915" Time="145058">CopyFeatures Targets_lyr E:\Projects\Zoology\Fish\Shapefiles\Lythrurus_bellus.shp # 0 0 0</Process></lineage></DataProperties></Esri></metadata>
