<?xml version="1.0"?>
<!--<!DOCTYPE metadata SYSTEM "http://www.esri.com/metadata/esriprof80.dtd">-->
<metadata xml:lang="en"><Esri><MetaID>{BED64C38-A493-46B3-AFCA-876C66015240}</MetaID><CreaDate>20100915</CreaDate><CreaTime>15231500</CreaTime><SyncOnce>TRUE</SyncOnce><DataProperties><lineage><Process ToolSource="C:\Program Files (x86)\ArcGIS\ArcToolbox\Toolboxes\Data Management Tools.tbx\CopyFeatures" Date="20100915" Time="152315">CopyFeatures Targets_lyr E:\Projects\Zoology\Fish\Shapefiles\Lythrurus_atrapiculus.shp # 0 0 0</Process></lineage></DataProperties></Esri></metadata>
