<?xml version="1.0"?>
<!--<!DOCTYPE metadata SYSTEM "http://www.esri.com/metadata/esriprof80.dtd">-->
<metadata xml:lang="en"><Esri><MetaID>{78BB32CD-25B7-4703-9A1F-43BC5F4432AC}</MetaID><CreaDate>20100915</CreaDate><CreaTime>15484600</CreaTime><SyncOnce>TRUE</SyncOnce><DataProperties><lineage><Process ToolSource="C:\Program Files (x86)\ArcGIS\ArcToolbox\Toolboxes\Data Management Tools.tbx\CopyFeatures" Date="20100915" Time="154846">CopyFeatures Targets_lyr E:\Projects\Zoology\Fish\Shapefiles\Lythrurus_roseipinnis.shp # 0 0 0</Process></lineage></DataProperties></Esri></metadata>
