<?xml version="1.0"?>
<!--<!DOCTYPE metadata SYSTEM "http://www.esri.com/metadata/esriprof80.dtd">-->
<metadata xml:lang="en"><Esri><MetaID>{B8DC6605-08AE-4849-B9FC-85E9931C3463}</MetaID><CreaDate>20100915</CreaDate><CreaTime>15482900</CreaTime><SyncOnce>TRUE</SyncOnce><DataProperties><lineage><Process ToolSource="C:\Program Files (x86)\ArcGIS\ArcToolbox\Toolboxes\Data Management Tools.tbx\CopyFeatures" Date="20100915" Time="154829">CopyFeatures Targets_lyr E:\Projects\Zoology\Fish\Shapefiles\Rhinichthys_falcatus.shp # 0 0 0</Process></lineage></DataProperties></Esri></metadata>
