<?xml version="1.0"?>
<!--<!DOCTYPE metadata SYSTEM "http://www.esri.com/metadata/esriprof80.dtd">-->
<metadata xml:lang="en"><Esri><MetaID>{12EF7111-FF83-4FCE-BFB0-DF2AB3A4DAEC}</MetaID><CreaDate>20100915</CreaDate><CreaTime>15205400</CreaTime><SyncOnce>TRUE</SyncOnce><DataProperties><lineage><Process ToolSource="C:\Program Files (x86)\ArcGIS\ArcToolbox\Toolboxes\Data Management Tools.tbx\CopyFeatures" Date="20100915" Time="152054">CopyFeatures Targets_lyr E:\Projects\Zoology\Fish\Shapefiles\Dionda_episcopa.shp # 0 0 0</Process></lineage></DataProperties></Esri></metadata>
