<?xml version="1.0"?>
<!--<!DOCTYPE metadata SYSTEM "http://www.esri.com/metadata/esriprof80.dtd">-->
<metadata xml:lang="en"><Esri><MetaID>{B95FA0DE-5D40-4F88-B9E0-638DA088ACBF}</MetaID><CreaDate>20100915</CreaDate><CreaTime>14514100</CreaTime><SyncOnce>TRUE</SyncOnce><DataProperties><lineage><Process ToolSource="C:\Program Files (x86)\ArcGIS\ArcToolbox\Toolboxes\Data Management Tools.tbx\CopyFeatures" Date="20100915" Time="145141">CopyFeatures Targets_lyr E:\Projects\Zoology\Fish\Shapefiles\Fundulus_jenkinsi.shp # 0 0 0</Process></lineage></DataProperties></Esri></metadata>
