<?xml version="1.0"?>
<!--<!DOCTYPE metadata SYSTEM "http://www.esri.com/metadata/esriprof80.dtd">-->
<metadata xml:lang="en"><Esri><MetaID>{8FFA7FF8-B0A0-4117-BE2A-404B21DB6DEE}</MetaID><CreaDate>20100915</CreaDate><CreaTime>15464000</CreaTime><SyncOnce>TRUE</SyncOnce><DataProperties><lineage><Process ToolSource="C:\Program Files (x86)\ArcGIS\ArcToolbox\Toolboxes\Data Management Tools.tbx\CopyFeatures" Date="20100915" Time="154640">CopyFeatures Targets_lyr E:\Projects\Zoology\Fish\Shapefiles\Fundulus_sciadicus.shp # 0 0 0</Process></lineage></DataProperties></Esri></metadata>
