<?xml version="1.0"?>
<!--<!DOCTYPE metadata SYSTEM "http://www.esri.com/metadata/esriprof80.dtd">-->
<metadata xml:lang="en"><Esri><MetaID>{910A8DAD-C58D-46D0-9B3F-3CE6B3AB1A3A}</MetaID><CreaDate>20100915</CreaDate><CreaTime>14505000</CreaTime><SyncOnce>TRUE</SyncOnce><DataProperties><lineage><Process ToolSource="C:\Program Files (x86)\ArcGIS\ArcToolbox\Toolboxes\Data Management Tools.tbx\CopyFeatures" Date="20100915" Time="145050">CopyFeatures Targets_lyr E:\Projects\Zoology\Fish\Shapefiles\Fundulus_catenatus.shp # 0 0 0</Process></lineage></DataProperties></Esri></metadata>
