<?xml version="1.0"?>
<!--<!DOCTYPE metadata SYSTEM "http://www.esri.com/metadata/esriprof80.dtd">-->
<metadata xml:lang="en"><Esri><MetaID>{0E9C7CB1-EC89-4A31-B077-933B7C543FD2}</MetaID><CreaDate>20100915</CreaDate><CreaTime>15143600</CreaTime><SyncOnce>TRUE</SyncOnce><DataProperties><lineage><Process ToolSource="C:\Program Files (x86)\ArcGIS\ArcToolbox\Toolboxes\Data Management Tools.tbx\CopyFeatures" Date="20100915" Time="151436">CopyFeatures Targets_lyr E:\Projects\Zoology\Fish\Shapefiles\Fundulus_stellifer.shp # 0 0 0</Process></lineage></DataProperties></Esri></metadata>
