<?xml version="1.0"?>
<!--<!DOCTYPE metadata SYSTEM "http://www.esri.com/metadata/esriprof80.dtd">-->
<metadata xml:lang="en"><Esri><MetaID>{4C642904-FC97-47EA-99E3-697E1D451025}</MetaID><CreaDate>20100915</CreaDate><CreaTime>15145000</CreaTime><SyncOnce>TRUE</SyncOnce><DataProperties><lineage><Process ToolSource="C:\Program Files (x86)\ArcGIS\ArcToolbox\Toolboxes\Data Management Tools.tbx\CopyFeatures" Date="20100915" Time="151450">CopyFeatures Targets_lyr E:\Projects\Zoology\Fish\Shapefiles\Fundulus_albolineatus.shp # 0 0 0</Process></lineage></DataProperties></Esri></metadata>
