<?xml version="1.0"?>
<!--<!DOCTYPE metadata SYSTEM "http://www.esri.com/metadata/esriprof80.dtd">-->
<metadata xml:lang="en"><Esri><MetaID>{57392256-A135-44AA-ACCC-34F05EEEC03F}</MetaID><CreaDate>20100915</CreaDate><CreaTime>15254400</CreaTime><SyncOnce>TRUE</SyncOnce><DataProperties><lineage><Process ToolSource="C:\Program Files (x86)\ArcGIS\ArcToolbox\Toolboxes\Data Management Tools.tbx\CopyFeatures" Date="20100915" Time="152544">CopyFeatures Targets_lyr E:\Projects\Zoology\Fish\Shapefiles\Fundulus_rathbuni.shp # 0 0 0</Process></lineage></DataProperties></Esri></metadata>
