<?xml version="1.0"?>
<!--<!DOCTYPE metadata SYSTEM "http://www.esri.com/metadata/esriprof80.dtd">-->
<metadata xml:lang="en"><Esri><MetaID>{4563DCEA-EF85-45A5-84DA-0C5797BFF30E}</MetaID><CreaDate>20100915</CreaDate><CreaTime>15130100</CreaTime><SyncOnce>TRUE</SyncOnce><DataProperties><lineage><Process ToolSource="C:\Program Files (x86)\ArcGIS\ArcToolbox\Toolboxes\Data Management Tools.tbx\CopyFeatures" Date="20100915" Time="151301">CopyFeatures Targets_lyr E:\Projects\Zoology\Fish\Shapefiles\Fundulus_chrysotus.shp # 0 0 0</Process></lineage></DataProperties></Esri></metadata>
