<?xml version="1.0"?>
<!--<!DOCTYPE metadata SYSTEM "http://www.esri.com/metadata/esriprof80.dtd">-->
<metadata xml:lang="en"><Esri><MetaID>{E6529364-1BF0-4AD3-8F56-D9F6C3FB9327}</MetaID><CreaDate>20100915</CreaDate><CreaTime>15361600</CreaTime><SyncOnce>TRUE</SyncOnce><DataProperties><lineage><Process ToolSource="C:\Program Files (x86)\ArcGIS\ArcToolbox\Toolboxes\Data Management Tools.tbx\CopyFeatures" Date="20100915" Time="153616">CopyFeatures Targets_lyr E:\Projects\Zoology\Fish\Shapefiles\Fundulus_pulvereus.shp # 0 0 0</Process></lineage></DataProperties></Esri></metadata>
