<?xml version="1.0"?>
<!--<!DOCTYPE metadata SYSTEM "http://www.esri.com/metadata/esriprof80.dtd">-->
<metadata xml:lang="en"><Esri><MetaID>{EEC16B27-28A4-4C2F-B309-EAB05714D370}</MetaID><CreaDate>20100915</CreaDate><CreaTime>15442700</CreaTime><SyncOnce>TRUE</SyncOnce><DataProperties><lineage><Process ToolSource="C:\Program Files (x86)\ArcGIS\ArcToolbox\Toolboxes\Data Management Tools.tbx\CopyFeatures" Date="20100915" Time="154427">CopyFeatures Targets_lyr E:\Projects\Zoology\Fish\Shapefiles\Thymallus_arcticus.shp # 0 0 0</Process></lineage></DataProperties></Esri></metadata>
