<?xml version="1.0"?>
<!--<!DOCTYPE metadata SYSTEM "http://www.esri.com/metadata/esriprof80.dtd">-->
<metadata xml:lang="en"><Esri><MetaID>{FDFB66FE-72F6-486F-8E32-B408A71DEDC2}</MetaID><CreaDate>20100915</CreaDate><CreaTime>15433300</CreaTime><SyncOnce>TRUE</SyncOnce><DataProperties><lineage><Process ToolSource="C:\Program Files (x86)\ArcGIS\ArcToolbox\Toolboxes\Data Management Tools.tbx\CopyFeatures" Date="20100915" Time="154333">CopyFeatures Targets_lyr E:\Projects\Zoology\Fish\Shapefiles\Trinectes_maculatus.shp # 0 0 0</Process></lineage></DataProperties></Esri></metadata>
