<?xml version="1.0"?>
<!--<!DOCTYPE metadata SYSTEM "http://www.esri.com/metadata/esriprof80.dtd">-->
<metadata xml:lang="en"><Esri><MetaID>{90F36090-EE12-447C-AEB5-46A67D3F0567}</MetaID><CreaDate>20100915</CreaDate><CreaTime>14520900</CreaTime><SyncOnce>TRUE</SyncOnce><DataProperties><lineage><Process ToolSource="C:\Program Files (x86)\ArcGIS\ArcToolbox\Toolboxes\Data Management Tools.tbx\CopyFeatures" Date="20100915" Time="145209">CopyFeatures Targets_lyr E:\Projects\Zoology\Fish\Shapefiles\Rhinichthys_umatilla.shp # 0 0 0</Process></lineage></DataProperties></Esri></metadata>
