<?xml version="1.0"?>
<!--<!DOCTYPE metadata SYSTEM "http://www.esri.com/metadata/esriprof80.dtd">-->
<metadata xml:lang="en"><Esri><MetaID>{507975A2-AC10-482F-B80D-0B013066EB82}</MetaID><CreaDate>20100915</CreaDate><CreaTime>15482000</CreaTime><SyncOnce>TRUE</SyncOnce><DataProperties><lineage><Process ToolSource="C:\Program Files (x86)\ArcGIS\ArcToolbox\Toolboxes\Data Management Tools.tbx\CopyFeatures" Date="20100915" Time="154820">CopyFeatures Targets_lyr E:\Projects\Zoology\Fish\Shapefiles\Elassoma_zonatum.shp # 0 0 0</Process></lineage></DataProperties></Esri></metadata>
