<?xml version="1.0"?>
<!--<!DOCTYPE metadata SYSTEM "http://www.esri.com/metadata/esriprof80.dtd">-->
<metadata xml:lang="en"><Esri><MetaID>{1D81223E-CCD5-4BFA-9933-14DD1A677FFC}</MetaID><CreaDate>20100915</CreaDate><CreaTime>15484100</CreaTime><SyncOnce>TRUE</SyncOnce><DataProperties><lineage><Process ToolSource="C:\Program Files (x86)\ArcGIS\ArcToolbox\Toolboxes\Data Management Tools.tbx\CopyFeatures" Date="20100915" Time="154841">CopyFeatures Targets_lyr E:\Projects\Zoology\Fish\Shapefiles\Elassoma_boehlkei.shp # 0 0 0</Process></lineage></DataProperties></Esri></metadata>
