<?xml version="1.0"?>
<!--<!DOCTYPE metadata SYSTEM "http://www.esri.com/metadata/esriprof80.dtd">-->
<metadata xml:lang="en"><Esri><MetaID>{9A6399C1-2DDE-4431-B7BE-7C08FCD137CE}</MetaID><CreaDate>20100915</CreaDate><CreaTime>15491600</CreaTime><SyncOnce>TRUE</SyncOnce><DataProperties><lineage><Process ToolSource="C:\Program Files (x86)\ArcGIS\ArcToolbox\Toolboxes\Data Management Tools.tbx\CopyFeatures" Date="20100915" Time="154916">CopyFeatures Targets_lyr E:\Projects\Zoology\Fish\Shapefiles\Eleotris_sandwicensis.shp # 0 0 0</Process></lineage></DataProperties></Esri></metadata>
