<?xml version="1.0"?>
<!--<!DOCTYPE metadata SYSTEM "http://www.esri.com/metadata/esriprof80.dtd">-->
<metadata xml:lang="en"><Esri><MetaID>{98D3A7E0-7FE0-451D-A8CE-0CF8985DD499}</MetaID><CreaDate>20100915</CreaDate><CreaTime>15271000</CreaTime><SyncOnce>TRUE</SyncOnce><DataProperties><lineage><Process ToolSource="C:\Program Files (x86)\ArcGIS\ArcToolbox\Toolboxes\Data Management Tools.tbx\CopyFeatures" Date="20100915" Time="152710">CopyFeatures Targets_lyr E:\Projects\Zoology\Fish\Shapefiles\Empetrichthys_latos.shp # 0 0 0</Process></lineage></DataProperties></Esri></metadata>
