<?xml version="1.0"?>
<!--<!DOCTYPE metadata SYSTEM "http://www.esri.com/metadata/esriprof80.dtd">-->
<metadata xml:lang="en"><Esri><MetaID>{B8F72563-9574-4426-BAD0-A644E7DC2C7E}</MetaID><CreaDate>20100915</CreaDate><CreaTime>15275800</CreaTime><SyncOnce>TRUE</SyncOnce><DataProperties><lineage><Process ToolSource="C:\Program Files (x86)\ArcGIS\ArcToolbox\Toolboxes\Data Management Tools.tbx\CopyFeatures" Date="20100915" Time="152758">CopyFeatures Targets_lyr E:\Projects\Zoology\Fish\Shapefiles\Erimyzon_tenuis.shp # 0 0 0</Process></lineage></DataProperties></Esri></metadata>
