<?xml version="1.0"?>
<!--<!DOCTYPE metadata SYSTEM "http://www.esri.com/metadata/esriprof80.dtd">-->
<metadata xml:lang="en"><Esri><MetaID>{61451358-37F8-4DE2-A504-4ED55F54A5F0}</MetaID><CreaDate>20100915</CreaDate><CreaTime>15465000</CreaTime><SyncOnce>TRUE</SyncOnce><DataProperties><lineage><Process ToolSource="C:\Program Files (x86)\ArcGIS\ArcToolbox\Toolboxes\Data Management Tools.tbx\CopyFeatures" Date="20100915" Time="154650">CopyFeatures Targets_lyr E:\Projects\Zoology\Fish\Shapefiles\Erimystax_cahni.shp # 0 0 0</Process></lineage></DataProperties></Esri></metadata>
