<?xml version="1.0"?>
<!--<!DOCTYPE metadata SYSTEM "http://www.esri.com/metadata/esriprof80.dtd">-->
<metadata xml:lang="en"><Esri><MetaID>{2A6D36B7-A61E-48A8-B7D3-FFCFD1243193}</MetaID><CreaDate>20100915</CreaDate><CreaTime>15454500</CreaTime><SyncOnce>TRUE</SyncOnce><DataProperties><lineage><Process ToolSource="C:\Program Files (x86)\ArcGIS\ArcToolbox\Toolboxes\Data Management Tools.tbx\CopyFeatures" Date="20100915" Time="154545">CopyFeatures Targets_lyr E:\Projects\Zoology\Fish\Shapefiles\Erimonax_monachus.shp # 0 0 0</Process></lineage></DataProperties></Esri></metadata>
