<?xml version="1.0"?>
<!--<!DOCTYPE metadata SYSTEM "http://www.esri.com/metadata/esriprof80.dtd">-->
<metadata xml:lang="en"><Esri><MetaID>{923BFF91-D8F2-40C8-B345-63A6002E5840}</MetaID><CreaDate>20100915</CreaDate><CreaTime>15462100</CreaTime><SyncOnce>TRUE</SyncOnce><DataProperties><lineage><Process ToolSource="C:\Program Files (x86)\ArcGIS\ArcToolbox\Toolboxes\Data Management Tools.tbx\CopyFeatures" Date="20100915" Time="154621">CopyFeatures Targets_lyr E:\Projects\Zoology\Fish\Shapefiles\Erimystax_dissimilis.shp # 0 0 0</Process></lineage></DataProperties></Esri></metadata>
