<?xml version="1.0"?>
<!--<!DOCTYPE metadata SYSTEM "http://www.esri.com/metadata/esriprof80.dtd">-->
<metadata xml:lang="en"><Esri><MetaID>{E4B002B7-BD0D-41E7-BDDE-F3A2F4C9408A}</MetaID><CreaDate>20100915</CreaDate><CreaTime>15255400</CreaTime><SyncOnce>TRUE</SyncOnce><DataProperties><lineage><Process ToolSource="C:\Program Files (x86)\ArcGIS\ArcToolbox\Toolboxes\Data Management Tools.tbx\CopyFeatures" Date="20100915" Time="152554">CopyFeatures Targets_lyr E:\Projects\Zoology\Fish\Shapefiles\Esox_lucius.shp # 0 0 0</Process></lineage></DataProperties></Esri></metadata>
