<?xml version="1.0"?>
<!--<!DOCTYPE metadata SYSTEM "http://www.esri.com/metadata/esriprof80.dtd">-->
<metadata xml:lang="en"><Esri><MetaID>{8DDE62EE-FD25-4780-9F0D-CABD50298076}</MetaID><CreaDate>20100915</CreaDate><CreaTime>15140900</CreaTime><SyncOnce>TRUE</SyncOnce><DataProperties><lineage><Process ToolSource="C:\Program Files (x86)\ArcGIS\ArcToolbox\Toolboxes\Data Management Tools.tbx\CopyFeatures" Date="20100915" Time="151409">CopyFeatures Targets_lyr E:\Projects\Zoology\Fish\Shapefiles\Esox_niger.shp # 0 0 0</Process></lineage></DataProperties></Esri></metadata>
