<?xml version="1.0"?>
<!--<!DOCTYPE metadata SYSTEM "http://www.esri.com/metadata/esriprof80.dtd">-->
<metadata xml:lang="en"><Esri><MetaID>{FE9EAF07-669D-4DAE-B21D-B36498109983}</MetaID><CreaDate>20100915</CreaDate><CreaTime>15261800</CreaTime><SyncOnce>TRUE</SyncOnce><DataProperties><lineage><Process ToolSource="C:\Program Files (x86)\ArcGIS\ArcToolbox\Toolboxes\Data Management Tools.tbx\CopyFeatures" Date="20100915" Time="152618">CopyFeatures Targets_lyr E:\Projects\Zoology\Fish\Shapefiles\Dionda_nigrotaeniata.shp # 0 0 0</Process></lineage></DataProperties></Esri></metadata>
