<?xml version="1.0"?>
<!--<!DOCTYPE metadata SYSTEM "http://www.esri.com/metadata/esriprof80.dtd">-->
<metadata xml:lang="en"><Esri><MetaID>{2121F395-63B1-4F02-ADBC-7BBE92076709}</MetaID><CreaDate>20100915</CreaDate><CreaTime>15390200</CreaTime><SyncOnce>TRUE</SyncOnce><DataProperties><lineage><Process ToolSource="C:\Program Files (x86)\ArcGIS\ArcToolbox\Toolboxes\Data Management Tools.tbx\CopyFeatures" Date="20100915" Time="153902">CopyFeatures Targets_lyr E:\Projects\Zoology\Fish\Shapefiles\Dionda_serena.shp # 0 0 0</Process></lineage></DataProperties></Esri></metadata>
