<?xml version="1.0"?>
<!--<!DOCTYPE metadata SYSTEM "http://www.esri.com/metadata/esriprof80.dtd">-->
<metadata xml:lang="en"><Esri><MetaID>{9AAD9425-827D-4F3F-BB5F-CA96010A1817}</MetaID><CreaDate>20100915</CreaDate><CreaTime>15334600</CreaTime><SyncOnce>TRUE</SyncOnce><DataProperties><lineage><Process ToolSource="C:\Program Files (x86)\ArcGIS\ArcToolbox\Toolboxes\Data Management Tools.tbx\CopyFeatures" Date="20100915" Time="153346">CopyFeatures Targets_lyr E:\Projects\Zoology\Fish\Shapefiles\Dionda_argentosa.shp # 0 0 0</Process></lineage></DataProperties></Esri></metadata>
