<?xml version="1.0"?>
<!--<!DOCTYPE metadata SYSTEM "http://www.esri.com/metadata/esriprof80.dtd">-->
<metadata xml:lang="en"><Esri><MetaID>{866B567E-36EB-428A-BCE4-2EDD15246ED0}</MetaID><CreaDate>20100915</CreaDate><CreaTime>15145600</CreaTime><SyncOnce>TRUE</SyncOnce><DataProperties><lineage><Process ToolSource="C:\Program Files (x86)\ArcGIS\ArcToolbox\Toolboxes\Data Management Tools.tbx\CopyFeatures" Date="20100915" Time="151456">CopyFeatures Targets_lyr E:\Projects\Zoology\Fish\Shapefiles\Hemitremia_flammea.shp # 0 0 0</Process></lineage></DataProperties></Esri></metadata>
