<?xml version="1.0"?>
<!--<!DOCTYPE metadata SYSTEM "http://www.esri.com/metadata/esriprof80.dtd">-->
<metadata xml:lang="en"><Esri><MetaID>{64B118C6-5D33-41C9-8236-F5EAC56663B5}</MetaID><CreaDate>20100915</CreaDate><CreaTime>15454700</CreaTime><SyncOnce>TRUE</SyncOnce><DataProperties><lineage><Process ToolSource="C:\Program Files (x86)\ArcGIS\ArcToolbox\Toolboxes\Data Management Tools.tbx\CopyFeatures" Date="20100915" Time="154547">CopyFeatures Targets_lyr E:\Projects\Zoology\Fish\Shapefiles\Heterandria_formosa.shp # 0 0 0</Process></lineage></DataProperties></Esri></metadata>
