<?xml version="1.0"?>
<!--<!DOCTYPE metadata SYSTEM "http://www.esri.com/metadata/esriprof80.dtd">-->
<metadata xml:lang="en"><Esri><MetaID>{6D1FFB1E-5886-4056-AE93-EBE0A7326A5B}</MetaID><CreaDate>20100915</CreaDate><CreaTime>15371600</CreaTime><SyncOnce>TRUE</SyncOnce><DataProperties><lineage><Process ToolSource="C:\Program Files (x86)\ArcGIS\ArcToolbox\Toolboxes\Data Management Tools.tbx\CopyFeatures" Date="20100915" Time="153716">CopyFeatures Targets_lyr E:\Projects\Zoology\Fish\Shapefiles\Hiodon_tergisus.shp # 0 0 0</Process></lineage></DataProperties></Esri></metadata>
