<?xml version="1.0"?>
<!--<!DOCTYPE metadata SYSTEM "http://www.esri.com/metadata/esriprof80.dtd">-->
<metadata xml:lang="en"><Esri><MetaID>{93A4F509-94FB-47D8-A1DC-A617F7199B6C}</MetaID><CreaDate>20100915</CreaDate><CreaTime>15205700</CreaTime><SyncOnce>TRUE</SyncOnce><DataProperties><lineage><Process ToolSource="C:\Program Files (x86)\ArcGIS\ArcToolbox\Toolboxes\Data Management Tools.tbx\CopyFeatures" Date="20100915" Time="152057">CopyFeatures Targets_lyr E:\Projects\Zoology\Fish\Shapefiles\Hybognathus_regius.shp # 0 0 0</Process></lineage></DataProperties></Esri></metadata>
