<?xml version="1.0"?>
<!--<!DOCTYPE metadata SYSTEM "http://www.esri.com/metadata/esriprof80.dtd">-->
<metadata xml:lang="en"><Esri><MetaID>{FF449249-784A-476D-AE6B-930C654436D8}</MetaID><CreaDate>20100915</CreaDate><CreaTime>15203800</CreaTime><SyncOnce>TRUE</SyncOnce><DataProperties><lineage><Process ToolSource="C:\Program Files (x86)\ArcGIS\ArcToolbox\Toolboxes\Data Management Tools.tbx\CopyFeatures" Date="20100915" Time="152038">CopyFeatures Targets_lyr E:\Projects\Zoology\Fish\Shapefiles\Hybognathus_amarus.shp # 0 0 0</Process></lineage></DataProperties></Esri></metadata>
