<?xml version="1.0"?>
<!--<!DOCTYPE metadata SYSTEM "http://www.esri.com/metadata/esriprof80.dtd">-->
<metadata xml:lang="en"><Esri><MetaID>{A845E4EE-A421-4021-9082-2E02162FF489}</MetaID><CreaDate>20100915</CreaDate><CreaTime>15231100</CreaTime><SyncOnce>TRUE</SyncOnce><DataProperties><lineage><Process ToolSource="C:\Program Files (x86)\ArcGIS\ArcToolbox\Toolboxes\Data Management Tools.tbx\CopyFeatures" Date="20100915" Time="152311">CopyFeatures Targets_lyr E:\Projects\Zoology\Fish\Shapefiles\Hybopsis_winchelli.shp # 0 0 0</Process></lineage></DataProperties></Esri></metadata>
