<?xml version="1.0"?>
<!--<!DOCTYPE metadata SYSTEM "http://www.esri.com/metadata/esriprof80.dtd">-->
<metadata xml:lang="en"><Esri><MetaID>{BDE0922B-3E10-40FD-9C00-89E619264AE7}</MetaID><CreaDate>20100915</CreaDate><CreaTime>15433100</CreaTime><SyncOnce>TRUE</SyncOnce><DataProperties><lineage><Process ToolSource="C:\Program Files (x86)\ArcGIS\ArcToolbox\Toolboxes\Data Management Tools.tbx\CopyFeatures" Date="20100915" Time="154331">CopyFeatures Targets_lyr E:\Projects\Zoology\Fish\Shapefiles\Hybognathus_nuchalis.shp # 0 0 0</Process></lineage></DataProperties></Esri></metadata>
