<?xml version="1.0"?>
<!--<!DOCTYPE metadata SYSTEM "http://www.esri.com/metadata/esriprof80.dtd">-->
<metadata xml:lang="en"><Esri><MetaID>{294DD9D5-FEDC-4988-8C2C-13842B4E4AC9}</MetaID><CreaDate>20100915</CreaDate><CreaTime>15414700</CreaTime><SyncOnce>TRUE</SyncOnce><DataProperties><lineage><Process ToolSource="C:\Program Files (x86)\ArcGIS\ArcToolbox\Toolboxes\Data Management Tools.tbx\CopyFeatures" Date="20100915" Time="154147">CopyFeatures Targets_lyr E:\Projects\Zoology\Fish\Shapefiles\Hybopsis_lineapunctata.shp # 0 0 0</Process></lineage></DataProperties></Esri></metadata>
