<?xml version="1.0"?>
<!--<!DOCTYPE metadata SYSTEM "http://www.esri.com/metadata/esriprof80.dtd">-->
<metadata xml:lang="en"><Esri><MetaID>{7420CD08-7BE8-4FF8-BD32-28FA82ABE6CC}</MetaID><CreaDate>20100915</CreaDate><CreaTime>14500300</CreaTime><SyncOnce>TRUE</SyncOnce><DataProperties><lineage><Process ToolSource="C:\Program Files (x86)\ArcGIS\ArcToolbox\Toolboxes\Data Management Tools.tbx\CopyFeatures" Date="20100915" Time="145003">CopyFeatures Targets_lyr E:\Projects\Zoology\Fish\Shapefiles\Hybopsis_rubrifrons.shp # 0 0 0</Process></lineage></DataProperties></Esri></metadata>
