<?xml version="1.0"?>
<!--<!DOCTYPE metadata SYSTEM "http://www.esri.com/metadata/esriprof80.dtd">-->
<metadata xml:lang="en"><Esri><MetaID>{8AB90FD7-8910-4BC8-A654-F411811FAD11}</MetaID><CreaDate>20100915</CreaDate><CreaTime>15304900</CreaTime><SyncOnce>TRUE</SyncOnce><DataProperties><lineage><Process ToolSource="C:\Program Files (x86)\ArcGIS\ArcToolbox\Toolboxes\Data Management Tools.tbx\CopyFeatures" Date="20100915" Time="153049">CopyFeatures Targets_lyr E:\Projects\Zoology\Fish\Shapefiles\Hypentelium_etowanum.shp # 0 0 0</Process></lineage></DataProperties></Esri></metadata>
