<?xml version="1.0"?>
<!--<!DOCTYPE metadata SYSTEM "http://www.esri.com/metadata/esriprof80.dtd">-->
<metadata xml:lang="en"><Esri><MetaID>{D3020E17-851A-41FD-9DE7-A876F3B52ED4}</MetaID><CreaDate>20100915</CreaDate><CreaTime>15264900</CreaTime><SyncOnce>TRUE</SyncOnce><DataProperties><lineage><Process ToolSource="C:\Program Files (x86)\ArcGIS\ArcToolbox\Toolboxes\Data Management Tools.tbx\CopyFeatures" Date="20100915" Time="152649">CopyFeatures Targets_lyr E:\Projects\Zoology\Fish\Shapefiles\Hypomesus_transpacificus.shp # 0 0 0</Process></lineage></DataProperties></Esri></metadata>
