<?xml version="1.0"?>
<!--<!DOCTYPE metadata SYSTEM "http://www.esri.com/metadata/esriprof80.dtd">-->
<metadata xml:lang="en"><Esri><MetaID>{52BB039A-571B-4025-8BEA-DBA3DAFCF4D1}</MetaID><CreaDate>20100915</CreaDate><CreaTime>15465600</CreaTime><SyncOnce>TRUE</SyncOnce><DataProperties><lineage><Process ToolSource="C:\Program Files (x86)\ArcGIS\ArcToolbox\Toolboxes\Data Management Tools.tbx\CopyFeatures" Date="20100915" Time="154656">CopyFeatures Targets_lyr E:\Projects\Zoology\Fish\Shapefiles\Strongylura_marina.shp # 0 0 0</Process></lineage></DataProperties></Esri></metadata>
