<?xml version="1.0"?>
<!--<!DOCTYPE metadata SYSTEM "http://www.esri.com/metadata/esriprof80.dtd">-->
<metadata xml:lang="en"><Esri><MetaID>{20681BDB-84BA-4F28-A230-846390FF06AB}</MetaID><CreaDate>20100915</CreaDate><CreaTime>15391600</CreaTime><SyncOnce>TRUE</SyncOnce><DataProperties><lineage><Process ToolSource="C:\Program Files (x86)\ArcGIS\ArcToolbox\Toolboxes\Data Management Tools.tbx\CopyFeatures" Date="20100915" Time="153916">CopyFeatures Targets_lyr E:\Projects\Zoology\Fish\Shapefiles\Notropis_nubilus.shp # 0 0 0</Process></lineage></DataProperties></Esri></metadata>
