<?xml version="1.0"?>
<!--<!DOCTYPE metadata SYSTEM "http://www.esri.com/metadata/esriprof80.dtd">-->
<metadata xml:lang="en"><Esri><MetaID>{79D505AC-216E-45BE-9A38-A21529FDBB3F}</MetaID><CreaDate>20100915</CreaDate><CreaTime>15432900</CreaTime><SyncOnce>TRUE</SyncOnce><DataProperties><lineage><Process ToolSource="C:\Program Files (x86)\ArcGIS\ArcToolbox\Toolboxes\Data Management Tools.tbx\CopyFeatures" Date="20100915" Time="154329">CopyFeatures Targets_lyr E:\Projects\Zoology\Fish\Shapefiles\Notropis_photogenis.shp # 0 0 0</Process></lineage></DataProperties></Esri></metadata>
