<?xml version="1.0"?>
<!--<!DOCTYPE metadata SYSTEM "http://www.esri.com/metadata/esriprof80.dtd">-->
<metadata xml:lang="en"><Esri><MetaID>{0CBC1A7E-C130-4E3C-87F2-68A6F2551C14}</MetaID><CreaDate>20100915</CreaDate><CreaTime>15435000</CreaTime><SyncOnce>TRUE</SyncOnce><DataProperties><lineage><Process ToolSource="C:\Program Files (x86)\ArcGIS\ArcToolbox\Toolboxes\Data Management Tools.tbx\CopyFeatures" Date="20100915" Time="154350">CopyFeatures Targets_lyr E:\Projects\Zoology\Fish\Shapefiles\Notropis_wickliffi.shp # 0 0 0</Process></lineage></DataProperties></Esri></metadata>
