<?xml version="1.0"?>
<!--<!DOCTYPE metadata SYSTEM "http://www.esri.com/metadata/esriprof80.dtd">-->
<metadata xml:lang="en"><Esri><MetaID>{C142C190-F5F7-4609-9134-B825FFCF03DF}</MetaID><CreaDate>20100915</CreaDate><CreaTime>15512700</CreaTime><SyncOnce>TRUE</SyncOnce><DataProperties><lineage><Process ToolSource="C:\Program Files (x86)\ArcGIS\ArcToolbox\Toolboxes\Data Management Tools.tbx\CopyFeatures" Date="20100915" Time="155127">CopyFeatures Targets_lyr E:\Projects\Zoology\Fish\Shapefiles\Notropis_percobromus.shp # 0 0 0</Process></lineage></DataProperties></Esri></metadata>
