<?xml version="1.0"?>
<!--<!DOCTYPE metadata SYSTEM "http://www.esri.com/metadata/esriprof80.dtd">-->
<metadata xml:lang="en"><Esri><MetaID>{8D491859-5EA3-4B73-892B-39735C311B8E}</MetaID><CreaDate>20100915</CreaDate><CreaTime>15210000</CreaTime><SyncOnce>TRUE</SyncOnce><DataProperties><lineage><Process ToolSource="C:\Program Files (x86)\ArcGIS\ArcToolbox\Toolboxes\Data Management Tools.tbx\CopyFeatures" Date="20100915" Time="152100">CopyFeatures Targets_lyr E:\Projects\Zoology\Fish\Shapefiles\Notropis_volucellus.shp # 0 0 0</Process></lineage></DataProperties></Esri></metadata>
