<?xml version="1.0"?>
<!--<!DOCTYPE metadata SYSTEM "http://www.esri.com/metadata/esriprof80.dtd">-->
<metadata xml:lang="en"><Esri><MetaID>{B74C1F90-A6AF-45C7-BA0D-CEEE2A8F9740}</MetaID><CreaDate>20100915</CreaDate><CreaTime>14500000</CreaTime><SyncOnce>TRUE</SyncOnce><DataProperties><lineage><Process ToolSource="C:\Program Files (x86)\ArcGIS\ArcToolbox\Toolboxes\Data Management Tools.tbx\CopyFeatures" Date="20100915" Time="145000">CopyFeatures Targets_lyr E:\Projects\Zoology\Fish\Shapefiles\Notropis_uranoscopus.shp # 0 0 0</Process></lineage></DataProperties></Esri></metadata>
