<?xml version="1.0"?>
<!--<!DOCTYPE metadata SYSTEM "http://www.esri.com/metadata/esriprof80.dtd">-->
<metadata xml:lang="en"><Esri><MetaID>{EB407B04-FEA0-48B5-9AB8-BA0A0C356618}</MetaID><CreaDate>20100915</CreaDate><CreaTime>15370800</CreaTime><SyncOnce>TRUE</SyncOnce><DataProperties><lineage><Process ToolSource="C:\Program Files (x86)\ArcGIS\ArcToolbox\Toolboxes\Data Management Tools.tbx\CopyFeatures" Date="20100915" Time="153708">CopyFeatures Targets_lyr E:\Projects\Zoology\Fish\Shapefiles\Notropis_stramineus.shp # 0 0 0</Process></lineage></DataProperties></Esri></metadata>
