<?xml version="1.0"?>
<!--<!DOCTYPE metadata SYSTEM "http://www.esri.com/metadata/esriprof80.dtd">-->
<metadata xml:lang="en"><Esri><MetaID>{D8E2327A-18C4-4E20-9BED-E4DAF828ABD2}</MetaID><CreaDate>20100915</CreaDate><CreaTime>15301700</CreaTime><SyncOnce>TRUE</SyncOnce><DataProperties><lineage><Process ToolSource="C:\Program Files (x86)\ArcGIS\ArcToolbox\Toolboxes\Data Management Tools.tbx\CopyFeatures" Date="20100915" Time="153017">CopyFeatures Targets_lyr E:\Projects\Zoology\Fish\Shapefiles\Notropis_suttkusi.shp # 0 0 0</Process></lineage></DataProperties></Esri></metadata>
