<?xml version="1.0"?>
<!--<!DOCTYPE metadata SYSTEM "http://www.esri.com/metadata/esriprof80.dtd">-->
<metadata xml:lang="en"><Esri><MetaID>{CD80F010-5805-46A5-958C-5940F7E1B917}</MetaID><CreaDate>20100915</CreaDate><CreaTime>14504100</CreaTime><SyncOnce>TRUE</SyncOnce><DataProperties><lineage><Process ToolSource="C:\Program Files (x86)\ArcGIS\ArcToolbox\Toolboxes\Data Management Tools.tbx\CopyFeatures" Date="20100915" Time="145041">CopyFeatures Targets_lyr E:\Projects\Zoology\Fish\Shapefiles\Notropis_stilbius.shp # 0 0 0</Process></lineage></DataProperties></Esri></metadata>
