<?xml version="1.0"?>
<!--<!DOCTYPE metadata SYSTEM "http://www.esri.com/metadata/esriprof80.dtd">-->
<metadata xml:lang="en"><Esri><MetaID>{3C94265F-FD56-4EDF-BFB2-86EAE37ACA8C}</MetaID><CreaDate>20100915</CreaDate><CreaTime>15224700</CreaTime><SyncOnce>TRUE</SyncOnce><DataProperties><lineage><Process ToolSource="C:\Program Files (x86)\ArcGIS\ArcToolbox\Toolboxes\Data Management Tools.tbx\CopyFeatures" Date="20100915" Time="152247">CopyFeatures Targets_lyr E:\Projects\Zoology\Fish\Shapefiles\Notropis_sabinae.shp # 0 0 0</Process></lineage></DataProperties></Esri></metadata>
