<?xml version="1.0"?>
<!--<!DOCTYPE metadata SYSTEM "http://www.esri.com/metadata/esriprof80.dtd">-->
<metadata xml:lang="en"><Esri><MetaID>{2A73F191-CA0E-4D0A-B0EE-5057623267B9}</MetaID><CreaDate>20100915</CreaDate><CreaTime>15462700</CreaTime><SyncOnce>TRUE</SyncOnce><DataProperties><lineage><Process ToolSource="C:\Program Files (x86)\ArcGIS\ArcToolbox\Toolboxes\Data Management Tools.tbx\CopyFeatures" Date="20100915" Time="154627">CopyFeatures Targets_lyr E:\Projects\Zoology\Fish\Shapefiles\Notropis_xaenocephalus.shp # 0 0 0</Process></lineage></DataProperties></Esri></metadata>
