<?xml version="1.0"?>
<!--<!DOCTYPE metadata SYSTEM "http://www.esri.com/metadata/esriprof80.dtd">-->
<metadata xml:lang="en"><Esri><MetaID>{DE6A2653-D89C-46E4-92FF-71D43A9E02D8}</MetaID><CreaDate>20100915</CreaDate><CreaTime>15275100</CreaTime><SyncOnce>TRUE</SyncOnce><DataProperties><lineage><Process ToolSource="C:\Program Files (x86)\ArcGIS\ArcToolbox\Toolboxes\Data Management Tools.tbx\CopyFeatures" Date="20100915" Time="152751">CopyFeatures Targets_lyr E:\Projects\Zoology\Fish\Shapefiles\Notropis_semperasper.shp # 0 0 0</Process></lineage></DataProperties></Esri></metadata>
