<?xml version="1.0"?>
<!--<!DOCTYPE metadata SYSTEM "http://www.esri.com/metadata/esriprof80.dtd">-->
<metadata xml:lang="en"><Esri><MetaID>{1D1BFA44-C6E8-49FC-8A92-FE8245BE17C9}</MetaID><CreaDate>20100915</CreaDate><CreaTime>15221400</CreaTime><SyncOnce>TRUE</SyncOnce><DataProperties><lineage><Process ToolSource="C:\Program Files (x86)\ArcGIS\ArcToolbox\Toolboxes\Data Management Tools.tbx\CopyFeatures" Date="20100915" Time="152214">CopyFeatures Targets_lyr E:\Projects\Zoology\Fish\Shapefiles\Notropis_simus.shp # 0 0 0</Process></lineage></DataProperties></Esri></metadata>
