<?xml version="1.0"?>
<!--<!DOCTYPE metadata SYSTEM "http://www.esri.com/metadata/esriprof80.dtd">-->
<metadata xml:lang="en"><Esri><MetaID>{4A430182-93D8-49A9-8AD9-553979EBF551}</MetaID><CreaDate>20100915</CreaDate><CreaTime>15471400</CreaTime><SyncOnce>TRUE</SyncOnce><DataProperties><lineage><Process ToolSource="C:\Program Files (x86)\ArcGIS\ArcToolbox\Toolboxes\Data Management Tools.tbx\CopyFeatures" Date="20100915" Time="154714">CopyFeatures Targets_lyr E:\Projects\Zoology\Fish\Shapefiles\Noturus_flavater.shp # 0 0 0</Process></lineage></DataProperties></Esri></metadata>
