<?xml version="1.0"?>
<!--<!DOCTYPE metadata SYSTEM "http://www.esri.com/metadata/esriprof80.dtd">-->
<metadata xml:lang="en"><Esri><MetaID>{9E281F1F-8A76-49C2-A476-FCE44D4DE3C1}</MetaID><CreaDate>20100915</CreaDate><CreaTime>15161000</CreaTime><SyncOnce>TRUE</SyncOnce><DataProperties><lineage><Process ToolSource="C:\Program Files (x86)\ArcGIS\ArcToolbox\Toolboxes\Data Management Tools.tbx\CopyFeatures" Date="20100915" Time="151610">CopyFeatures Targets_lyr E:\Projects\Zoology\Fish\Shapefiles\Noturus_sp__2.shp # 0 0 0</Process></lineage></DataProperties></Esri></metadata>
