<?xml version="1.0"?>
<!--<!DOCTYPE metadata SYSTEM "http://www.esri.com/metadata/esriprof80.dtd">-->
<metadata xml:lang="en"><Esri><MetaID>{ED0CD40B-9C1E-4DBF-A663-DEB80BC180C5}</MetaID><CreaDate>20100915</CreaDate><CreaTime>15264600</CreaTime><SyncOnce>TRUE</SyncOnce><DataProperties><lineage><Process ToolSource="C:\Program Files (x86)\ArcGIS\ArcToolbox\Toolboxes\Data Management Tools.tbx\CopyFeatures" Date="20100915" Time="152646">CopyFeatures Targets_lyr E:\Projects\Zoology\Fish\Shapefiles\Noturus_elegans.shp # 0 0 0</Process></lineage></DataProperties></Esri></metadata>
