<?xml version="1.0"?>
<!--<!DOCTYPE metadata SYSTEM "http://www.esri.com/metadata/esriprof80.dtd">-->
<metadata xml:lang="en"><Esri><MetaID>{3DB343FF-D2A6-49B0-9EC8-CD2D9B6CFFCC}</MetaID><CreaDate>20100915</CreaDate><CreaTime>15130300</CreaTime><SyncOnce>TRUE</SyncOnce><DataProperties><lineage><Process ToolSource="C:\Program Files (x86)\ArcGIS\ArcToolbox\Toolboxes\Data Management Tools.tbx\CopyFeatures" Date="20100915" Time="151303">CopyFeatures Targets_lyr E:\Projects\Zoology\Fish\Shapefiles\Noturus_miurus.shp # 0 0 0</Process></lineage></DataProperties></Esri></metadata>
