<?xml version="1.0"?>
<!--<!DOCTYPE metadata SYSTEM "http://www.esri.com/metadata/esriprof80.dtd">-->
<metadata xml:lang="en"><Esri><MetaID>{6EC1E7EB-4FF3-4FB9-9A42-8CD6D863FB62}</MetaID><CreaDate>20100915</CreaDate><CreaTime>15144000</CreaTime><SyncOnce>TRUE</SyncOnce><DataProperties><lineage><Process ToolSource="C:\Program Files (x86)\ArcGIS\ArcToolbox\Toolboxes\Data Management Tools.tbx\CopyFeatures" Date="20100915" Time="151440">CopyFeatures Targets_lyr E:\Projects\Zoology\Fish\Shapefiles\Noturus_flavus.shp # 0 0 0</Process></lineage></DataProperties></Esri></metadata>
