<?xml version="1.0"?>
<!--<!DOCTYPE metadata SYSTEM "http://www.esri.com/metadata/esriprof80.dtd">-->
<metadata xml:lang="en"><Esri><MetaID>{9B41EFBE-DCE2-40DB-AD53-0ED92B849DAD}</MetaID><CreaDate>20100915</CreaDate><CreaTime>15260800</CreaTime><SyncOnce>TRUE</SyncOnce><DataProperties><lineage><Process ToolSource="C:\Program Files (x86)\ArcGIS\ArcToolbox\Toolboxes\Data Management Tools.tbx\CopyFeatures" Date="20100915" Time="152608">CopyFeatures Targets_lyr E:\Projects\Zoology\Fish\Shapefiles\Noturus_eleutherus.shp # 0 0 0</Process></lineage></DataProperties></Esri></metadata>
