<?xml version="1.0"?>
<!--<!DOCTYPE metadata SYSTEM "http://www.esri.com/metadata/esriprof80.dtd">-->
<metadata xml:lang="en"><Esri><MetaID>{4A3A9960-ABE0-4DD2-90D8-986FA016A4C6}</MetaID><CreaDate>20100915</CreaDate><CreaTime>15312600</CreaTime><SyncOnce>TRUE</SyncOnce><DataProperties><lineage><Process ToolSource="C:\Program Files (x86)\ArcGIS\ArcToolbox\Toolboxes\Data Management Tools.tbx\CopyFeatures" Date="20100915" Time="153126">CopyFeatures Targets_lyr E:\Projects\Zoology\Fish\Shapefiles\Noturus_baileyi.shp # 0 0 0</Process></lineage></DataProperties></Esri></metadata>
