<?xml version="1.0"?>
<!--<!DOCTYPE metadata SYSTEM "http://www.esri.com/metadata/esriprof80.dtd">-->
<metadata xml:lang="en"><Esri><MetaID>{85C18896-5455-4375-99B1-B7D62A9E0532}</MetaID><CreaDate>20100915</CreaDate><CreaTime>15365000</CreaTime><SyncOnce>TRUE</SyncOnce><DataProperties><lineage><Process ToolSource="C:\Program Files (x86)\ArcGIS\ArcToolbox\Toolboxes\Data Management Tools.tbx\CopyFeatures" Date="20100915" Time="153650">CopyFeatures Targets_lyr E:\Projects\Zoology\Fish\Shapefiles\Noturus_nocturnus.shp # 0 0 0</Process></lineage></DataProperties></Esri></metadata>
