<?xml version="1.0"?>
<!--<!DOCTYPE metadata SYSTEM "http://www.esri.com/metadata/esriprof80.dtd">-->
<metadata xml:lang="en"><Esri><MetaID>{5B63C7DD-0084-42B7-9340-202364C691FB}</MetaID><CreaDate>20100915</CreaDate><CreaTime>14501900</CreaTime><SyncOnce>TRUE</SyncOnce><DataProperties><lineage><Process ToolSource="C:\Program Files (x86)\ArcGIS\ArcToolbox\Toolboxes\Data Management Tools.tbx\CopyFeatures" Date="20100915" Time="145019">CopyFeatures Targets_lyr E:\Projects\Zoology\Fish\Shapefiles\Noturus_trautmani.shp # 0 0 0</Process></lineage></DataProperties></Esri></metadata>
