<?xml version="1.0"?>
<!--<!DOCTYPE metadata SYSTEM "http://www.esri.com/metadata/esriprof80.dtd">-->
<metadata xml:lang="en"><Esri><MetaID>{50243D87-A54E-4E0A-BCF7-1206DB0A4369}</MetaID><CreaDate>20100915</CreaDate><CreaTime>14511000</CreaTime><SyncOnce>TRUE</SyncOnce><DataProperties><lineage><Process ToolSource="C:\Program Files (x86)\ArcGIS\ArcToolbox\Toolboxes\Data Management Tools.tbx\CopyFeatures" Date="20100915" Time="145110">CopyFeatures Targets_lyr E:\Projects\Zoology\Fish\Shapefiles\Noturus_munitus.shp # 0 0 0</Process></lineage></DataProperties></Esri></metadata>
