<?xml version="1.0"?>
<!--<!DOCTYPE metadata SYSTEM "http://www.esri.com/metadata/esriprof80.dtd">-->
<metadata xml:lang="en"><Esri><MetaID>{AC212069-C129-468C-B325-7C0D60F450EB}</MetaID><CreaDate>20100915</CreaDate><CreaTime>15320500</CreaTime><SyncOnce>TRUE</SyncOnce><DataProperties><lineage><Process ToolSource="C:\Program Files (x86)\ArcGIS\ArcToolbox\Toolboxes\Data Management Tools.tbx\CopyFeatures" Date="20100915" Time="153205">CopyFeatures Targets_lyr E:\Projects\Zoology\Fish\Shapefiles\Noturus_fasciatus.shp # 0 0 0</Process></lineage></DataProperties></Esri></metadata>
