<?xml version="1.0"?>
<!--<!DOCTYPE metadata SYSTEM "http://www.esri.com/metadata/esriprof80.dtd">-->
<metadata xml:lang="en"><Esri><MetaID>{55E90095-6886-4BFD-BBBF-436BE897B22D}</MetaID><CreaDate>20100915</CreaDate><CreaTime>15253200</CreaTime><SyncOnce>TRUE</SyncOnce><DataProperties><lineage><Process ToolSource="C:\Program Files (x86)\ArcGIS\ArcToolbox\Toolboxes\Data Management Tools.tbx\CopyFeatures" Date="20100915" Time="152532">CopyFeatures Targets_lyr E:\Projects\Zoology\Fish\Shapefiles\Noturus_stanauli.shp # 0 0 0</Process></lineage></DataProperties></Esri></metadata>
