<?xml version="1.0"?>
<!--<!DOCTYPE metadata SYSTEM "http://www.esri.com/metadata/esriprof80.dtd">-->
<metadata xml:lang="en"><Esri><MetaID>{393B9DD9-EC80-4C5D-85EF-41473C6FEB1E}</MetaID><CreaDate>20100915</CreaDate><CreaTime>14500500</CreaTime><SyncOnce>TRUE</SyncOnce><DataProperties><lineage><Process ToolSource="C:\Program Files (x86)\ArcGIS\ArcToolbox\Toolboxes\Data Management Tools.tbx\CopyFeatures" Date="20100915" Time="145005">CopyFeatures Targets_lyr E:\Projects\Zoology\Fish\Shapefiles\Macrhybopsis_aestivalis.shp # 0 0 0</Process></lineage></DataProperties></Esri></metadata>
