<?xml version="1.0"?>
<!--<!DOCTYPE metadata SYSTEM "http://www.esri.com/metadata/esriprof80.dtd">-->
<metadata xml:lang="en"><Esri><MetaID>{BF8A3D5D-2C6B-4998-BF95-70B96F71A92E}</MetaID><CreaDate>20100915</CreaDate><CreaTime>15480500</CreaTime><SyncOnce>TRUE</SyncOnce><DataProperties><lineage><Process ToolSource="C:\Program Files (x86)\ArcGIS\ArcToolbox\Toolboxes\Data Management Tools.tbx\CopyFeatures" Date="20100915" Time="154805">CopyFeatures Targets_lyr E:\Projects\Zoology\Fish\Shapefiles\Macrhybopsis_gelida.shp # 0 0 0</Process></lineage></DataProperties></Esri></metadata>
