<?xml version="1.0"?>
<!--<!DOCTYPE metadata SYSTEM "http://www.esri.com/metadata/esriprof80.dtd">-->
<metadata xml:lang="en"><Esri><MetaID>{236FBDC9-0BF8-4CEA-B643-9C55034013E2}</MetaID><CreaDate>20100915</CreaDate><CreaTime>15475200</CreaTime><SyncOnce>TRUE</SyncOnce><DataProperties><lineage><Process ToolSource="C:\Program Files (x86)\ArcGIS\ArcToolbox\Toolboxes\Data Management Tools.tbx\CopyFeatures" Date="20100915" Time="154752">CopyFeatures Targets_lyr E:\Projects\Zoology\Fish\Shapefiles\Macrhybopsis_hyostoma.shp # 0 0 0</Process></lineage></DataProperties></Esri></metadata>
