<?xml version="1.0"?>
<!--<!DOCTYPE metadata SYSTEM "http://www.esri.com/metadata/esriprof80.dtd">-->
<metadata xml:lang="en"><Esri><MetaID>{9D716EF2-E868-46CF-BD64-BD413FE57594}</MetaID><CreaDate>20100915</CreaDate><CreaTime>15324300</CreaTime><SyncOnce>TRUE</SyncOnce><DataProperties><lineage><Process ToolSource="C:\Program Files (x86)\ArcGIS\ArcToolbox\Toolboxes\Data Management Tools.tbx\CopyFeatures" Date="20100915" Time="153243">CopyFeatures Targets_lyr E:\Projects\Zoology\Fish\Shapefiles\Macrhybopsis_sp__2.shp # 0 0 0</Process></lineage></DataProperties></Esri></metadata>
