<?xml version="1.0"?>
<!--<!DOCTYPE metadata SYSTEM "http://www.esri.com/metadata/esriprof80.dtd">-->
<metadata xml:lang="en"><Esri><MetaID>{E096A2C6-1090-472B-941B-5EB66AD0D6E0}</MetaID><CreaDate>20100915</CreaDate><CreaTime>15210800</CreaTime><SyncOnce>TRUE</SyncOnce><DataProperties><lineage><Process ToolSource="C:\Program Files (x86)\ArcGIS\ArcToolbox\Toolboxes\Data Management Tools.tbx\CopyFeatures" Date="20100915" Time="152108">CopyFeatures Targets_lyr E:\Projects\Zoology\Fish\Shapefiles\Macrhybopsis_marconis.shp # 0 0 0</Process></lineage></DataProperties></Esri></metadata>
