<?xml version="1.0"?>
<!--<!DOCTYPE metadata SYSTEM "http://www.esri.com/metadata/esriprof80.dtd">-->
<metadata xml:lang="en"><Esri><MetaID>{DF780CFD-6F52-48DF-AD97-1C1035861987}</MetaID><CreaDate>20100915</CreaDate><CreaTime>15263300</CreaTime><SyncOnce>TRUE</SyncOnce><DataProperties><lineage><Process ToolSource="C:\Program Files (x86)\ArcGIS\ArcToolbox\Toolboxes\Data Management Tools.tbx\CopyFeatures" Date="20100915" Time="152633">CopyFeatures Targets_lyr E:\Projects\Zoology\Fish\Shapefiles\Meda_fulgida.shp # 0 0 0</Process></lineage></DataProperties></Esri></metadata>
