<?xml version="1.0"?>
<!--<!DOCTYPE metadata SYSTEM "http://www.esri.com/metadata/esriprof80.dtd">-->
<metadata xml:lang="en"><Esri><MetaID>{3ED783AE-28AA-45A4-9D32-5D27D37A1655}</MetaID><CreaDate>20100915</CreaDate><CreaTime>15332500</CreaTime><SyncOnce>TRUE</SyncOnce><DataProperties><lineage><Process ToolSource="C:\Program Files (x86)\ArcGIS\ArcToolbox\Toolboxes\Data Management Tools.tbx\CopyFeatures" Date="20100915" Time="153325">CopyFeatures Targets_lyr E:\Projects\Zoology\Fish\Shapefiles\Micropterus_coosae.shp # 0 0 0</Process></lineage></DataProperties></Esri></metadata>
