<?xml version="1.0"?>
<!--<!DOCTYPE metadata SYSTEM "http://www.esri.com/metadata/esriprof80.dtd">-->
<metadata xml:lang="en"><Esri><MetaID>{D169F8B4-21C2-449A-AA3E-88FE67927A12}</MetaID><CreaDate>20100915</CreaDate><CreaTime>15043100</CreaTime><SyncOnce>TRUE</SyncOnce><DataProperties><lineage><Process ToolSource="C:\Program Files (x86)\ArcGIS\ArcToolbox\Toolboxes\Data Management Tools.tbx\CopyFeatures" Date="20100915" Time="150431">CopyFeatures Targets_lyr E:\Projects\Zoology\Fish\Shapefiles\Microphis_brachyurus.shp # 0 0 0</Process></lineage></DataProperties></Esri></metadata>
