<?xml version="1.0"?>
<!--<!DOCTYPE metadata SYSTEM "http://www.esri.com/metadata/esriprof80.dtd">-->
<metadata xml:lang="en"><Esri><MetaID>{492AF0B9-5E68-43B2-B83B-885909F1B449}</MetaID><CreaDate>20100915</CreaDate><CreaTime>14504200</CreaTime><SyncOnce>TRUE</SyncOnce><DataProperties><lineage><Process ToolSource="C:\Program Files (x86)\ArcGIS\ArcToolbox\Toolboxes\Data Management Tools.tbx\CopyFeatures" Date="20100915" Time="145042">CopyFeatures Targets_lyr E:\Projects\Zoology\Fish\Shapefiles\Micropterus_cataractae.shp # 0 0 0</Process></lineage></DataProperties></Esri></metadata>
