<?xml version="1.0"?>
<!--<!DOCTYPE metadata SYSTEM "http://www.esri.com/metadata/esriprof80.dtd">-->
<metadata xml:lang="en"><Esri><MetaID>{76725467-8547-4102-A857-583BDD1757D1}</MetaID><CreaDate>20100915</CreaDate><CreaTime>15340800</CreaTime><SyncOnce>TRUE</SyncOnce><DataProperties><lineage><Process ToolSource="C:\Program Files (x86)\ArcGIS\ArcToolbox\Toolboxes\Data Management Tools.tbx\CopyFeatures" Date="20100915" Time="153408">CopyFeatures Targets_lyr E:\Projects\Zoology\Fish\Shapefiles\Microgadus_tomcod.shp # 0 0 0</Process></lineage></DataProperties></Esri></metadata>
