<?xml version="1.0"?>
<!--<!DOCTYPE metadata SYSTEM "http://www.esri.com/metadata/esriprof80.dtd">-->
<metadata xml:lang="en"><Esri><MetaID>{318868B9-B797-4F0C-A869-68D9C6A69CEE}</MetaID><CreaDate>20100915</CreaDate><CreaTime>15371400</CreaTime><SyncOnce>TRUE</SyncOnce><DataProperties><lineage><Process ToolSource="C:\Program Files (x86)\ArcGIS\ArcToolbox\Toolboxes\Data Management Tools.tbx\CopyFeatures" Date="20100915" Time="153714">CopyFeatures Targets_lyr E:\Projects\Zoology\Fish\Shapefiles\Morone_saxatilis.shp # 0 0 0</Process></lineage></DataProperties></Esri></metadata>
