<?xml version="1.0"?>
<!--<!DOCTYPE metadata SYSTEM "http://www.esri.com/metadata/esriprof80.dtd">-->
<metadata xml:lang="en"><Esri><MetaID>{1695371A-F2DF-4739-A467-89E0DCBF0EA6}</MetaID><CreaDate>20100915</CreaDate><CreaTime>14505400</CreaTime><SyncOnce>TRUE</SyncOnce><DataProperties><lineage><Process ToolSource="C:\Program Files (x86)\ArcGIS\ArcToolbox\Toolboxes\Data Management Tools.tbx\CopyFeatures" Date="20100915" Time="145054">CopyFeatures Targets_lyr E:\Projects\Zoology\Fish\Shapefiles\Morone_americana.shp # 0 0 0</Process></lineage></DataProperties></Esri></metadata>
