<?xml version="1.0"?>
<!--<!DOCTYPE metadata SYSTEM "http://www.esri.com/metadata/esriprof80.dtd">-->
<metadata xml:lang="en"><Esri><MetaID>{3B3C1ED0-9574-489A-BAB5-9906560873F8}</MetaID><CreaDate>20100915</CreaDate><CreaTime>15125900</CreaTime><SyncOnce>TRUE</SyncOnce><DataProperties><lineage><Process ToolSource="C:\Program Files (x86)\ArcGIS\ArcToolbox\Toolboxes\Data Management Tools.tbx\CopyFeatures" Date="20100915" Time="151259">CopyFeatures Targets_lyr E:\Projects\Zoology\Fish\Shapefiles\Morone_chrysops.shp # 0 0 0</Process></lineage></DataProperties></Esri></metadata>
