<?xml version="1.0"?>
<!--<!DOCTYPE metadata SYSTEM "http://www.esri.com/metadata/esriprof80.dtd">-->
<metadata xml:lang="en"><Esri><MetaID>{7CE44AA8-F09A-4F54-AD5F-44F928458AB9}</MetaID><CreaDate>20100915</CreaDate><CreaTime>15273300</CreaTime><SyncOnce>TRUE</SyncOnce><DataProperties><lineage><Process ToolSource="C:\Program Files (x86)\ArcGIS\ArcToolbox\Toolboxes\Data Management Tools.tbx\CopyFeatures" Date="20100915" Time="152733">CopyFeatures Targets_lyr E:\Projects\Zoology\Fish\Shapefiles\Moxostoma_austrinum.shp # 0 0 0</Process></lineage></DataProperties></Esri></metadata>
