<?xml version="1.0"?>
<!--<!DOCTYPE metadata SYSTEM "http://www.esri.com/metadata/esriprof80.dtd">-->
<metadata xml:lang="en"><Esri><MetaID>{C8964E05-0B37-494A-971C-362F8716C2C6}</MetaID><CreaDate>20100915</CreaDate><CreaTime>15233500</CreaTime><SyncOnce>TRUE</SyncOnce><DataProperties><lineage><Process ToolSource="C:\Program Files (x86)\ArcGIS\ArcToolbox\Toolboxes\Data Management Tools.tbx\CopyFeatures" Date="20100915" Time="152335">CopyFeatures Targets_lyr E:\Projects\Zoology\Fish\Shapefiles\Moxostoma_sp__1.shp # 0 0 0</Process></lineage></DataProperties></Esri></metadata>
