<?xml version="1.0"?>
<!--<!DOCTYPE metadata SYSTEM "http://www.esri.com/metadata/esriprof80.dtd">-->
<metadata xml:lang="en"><Esri><MetaID>{DCB06258-AB61-4B39-BFDE-4894FF04D8EE}</MetaID><CreaDate>20100915</CreaDate><CreaTime>15361700</CreaTime><SyncOnce>TRUE</SyncOnce><DataProperties><lineage><Process ToolSource="C:\Program Files (x86)\ArcGIS\ArcToolbox\Toolboxes\Data Management Tools.tbx\CopyFeatures" Date="20100915" Time="153617">CopyFeatures Targets_lyr E:\Projects\Zoology\Fish\Shapefiles\Moxostoma_sp__2.shp # 0 0 0</Process></lineage></DataProperties></Esri></metadata>
