<?xml version="1.0"?>
<!--<!DOCTYPE metadata SYSTEM "http://www.esri.com/metadata/esriprof80.dtd">-->
<metadata xml:lang="en"><Esri><MetaID>{6398EF43-871C-4886-A053-1DBC49E9E3E0}</MetaID><CreaDate>20100915</CreaDate><CreaTime>15271100</CreaTime><SyncOnce>TRUE</SyncOnce><DataProperties><lineage><Process ToolSource="C:\Program Files (x86)\ArcGIS\ArcToolbox\Toolboxes\Data Management Tools.tbx\CopyFeatures" Date="20100915" Time="152711">CopyFeatures Targets_lyr E:\Projects\Zoology\Fish\Shapefiles\Moxostoma_rupiscartes.shp # 0 0 0</Process></lineage></DataProperties></Esri></metadata>
