<?xml version="1.0"?>
<!--<!DOCTYPE metadata SYSTEM "http://www.esri.com/metadata/esriprof80.dtd">-->
<metadata xml:lang="en"><Esri><MetaID>{B6F21E59-1954-4F9B-A5BB-5FBB29279DE9}</MetaID><CreaDate>20100915</CreaDate><CreaTime>14515900</CreaTime><SyncOnce>TRUE</SyncOnce><DataProperties><lineage><Process ToolSource="C:\Program Files (x86)\ArcGIS\ArcToolbox\Toolboxes\Data Management Tools.tbx\CopyFeatures" Date="20100915" Time="145159">CopyFeatures Targets_lyr E:\Projects\Zoology\Fish\Shapefiles\Moxostoma_erythrurum.shp # 0 0 0</Process></lineage></DataProperties></Esri></metadata>
