<?xml version="1.0"?>
<!--<!DOCTYPE metadata SYSTEM "http://www.esri.com/metadata/esriprof80.dtd">-->
<metadata xml:lang="en"><Esri><MetaID>{7EF23477-7DF6-4346-A6F4-87201DFBD4A0}</MetaID><CreaDate>20100915</CreaDate><CreaTime>15310400</CreaTime><SyncOnce>TRUE</SyncOnce><DataProperties><lineage><Process ToolSource="C:\Program Files (x86)\ArcGIS\ArcToolbox\Toolboxes\Data Management Tools.tbx\CopyFeatures" Date="20100915" Time="153104">CopyFeatures Targets_lyr E:\Projects\Zoology\Fish\Shapefiles\Mugil_cephalus.shp # 0 0 0</Process></lineage></DataProperties></Esri></metadata>
