<?xml version="1.0"?>
<!--<!DOCTYPE metadata SYSTEM "http://www.esri.com/metadata/esriprof80.dtd">-->
<metadata xml:lang="en"><Esri><MetaID>{2539C8E1-793B-4FCE-9C19-9513C9D09133}</MetaID><CreaDate>20100915</CreaDate><CreaTime>14510100</CreaTime><SyncOnce>TRUE</SyncOnce><DataProperties><lineage><Process ToolSource="C:\Program Files (x86)\ArcGIS\ArcToolbox\Toolboxes\Data Management Tools.tbx\CopyFeatures" Date="20100915" Time="145101">CopyFeatures Targets_lyr E:\Projects\Zoology\Fish\Shapefiles\Mylocheilus_caurinus.shp # 0 0 0</Process></lineage></DataProperties></Esri></metadata>
