<?xml version="1.0"?>
<!--<!DOCTYPE metadata SYSTEM "http://www.esri.com/metadata/esriprof80.dtd">-->
<metadata xml:lang="en"><Esri><MetaID>{292BE2E9-9231-48DA-9D36-0928C30950E8}</MetaID><CreaDate>20100915</CreaDate><CreaTime>15422300</CreaTime><SyncOnce>TRUE</SyncOnce><DataProperties><lineage><Process ToolSource="C:\Program Files (x86)\ArcGIS\ArcToolbox\Toolboxes\Data Management Tools.tbx\CopyFeatures" Date="20100915" Time="154223">CopyFeatures Targets_lyr E:\Projects\Zoology\Fish\Shapefiles\Mylopharodon_conocephalus.shp # 0 0 0</Process></lineage></DataProperties></Esri></metadata>
