<?xml version="1.0"?>
<!--<!DOCTYPE metadata SYSTEM "http://www.esri.com/metadata/esriprof80.dtd">-->
<metadata xml:lang="en"><Esri><MetaID>{946FC09F-2386-4834-BFD9-446A599F0F77}</MetaID><CreaDate>20100915</CreaDate><CreaTime>15461200</CreaTime><SyncOnce>TRUE</SyncOnce><DataProperties><lineage><Process ToolSource="C:\Program Files (x86)\ArcGIS\ArcToolbox\Toolboxes\Data Management Tools.tbx\CopyFeatures" Date="20100915" Time="154612">CopyFeatures Targets_lyr E:\Projects\Zoology\Fish\Shapefiles\Gambusia_geiseri.shp # 0 0 0</Process></lineage></DataProperties></Esri></metadata>
