<?xml version="1.0"?>
<!--<!DOCTYPE metadata SYSTEM "http://www.esri.com/metadata/esriprof80.dtd">-->
<metadata xml:lang="en"><Esri><MetaID>{73D348C5-7597-4BF3-ABCA-AA62195D7592}</MetaID><CreaDate>20100915</CreaDate><CreaTime>15302500</CreaTime><SyncOnce>TRUE</SyncOnce><DataProperties><lineage><Process ToolSource="C:\Program Files (x86)\ArcGIS\ArcToolbox\Toolboxes\Data Management Tools.tbx\CopyFeatures" Date="20100915" Time="153025">CopyFeatures Targets_lyr E:\Projects\Zoology\Fish\Shapefiles\Gambusia_nobilis.shp # 0 0 0</Process></lineage></DataProperties></Esri></metadata>
