<?xml version="1.0"?>
<!--<!DOCTYPE metadata SYSTEM "http://www.esri.com/metadata/esriprof80.dtd">-->
<metadata xml:lang="en"><Esri><MetaID>{B9335FEE-7393-438E-8503-4BE018047EA4}</MetaID><CreaDate>20100915</CreaDate><CreaTime>15435400</CreaTime><SyncOnce>TRUE</SyncOnce><DataProperties><lineage><Process ToolSource="C:\Program Files (x86)\ArcGIS\ArcToolbox\Toolboxes\Data Management Tools.tbx\CopyFeatures" Date="20100915" Time="154354">CopyFeatures Targets_lyr E:\Projects\Zoology\Fish\Shapefiles\Gambusia_senilis.shp # 0 0 0</Process></lineage></DataProperties></Esri></metadata>
