<?xml version="1.0"?>
<!--<!DOCTYPE metadata SYSTEM "http://www.esri.com/metadata/esriprof80.dtd">-->
<metadata xml:lang="en"><Esri><MetaID>{EE2E6841-2641-402F-9333-38AAAD834577}</MetaID><CreaDate>20100915</CreaDate><CreaTime>15221200</CreaTime><SyncOnce>TRUE</SyncOnce><DataProperties><lineage><Process ToolSource="C:\Program Files (x86)\ArcGIS\ArcToolbox\Toolboxes\Data Management Tools.tbx\CopyFeatures" Date="20100915" Time="152212">CopyFeatures Targets_lyr E:\Projects\Zoology\Fish\Shapefiles\Gila_pandora.shp # 0 0 0</Process></lineage></DataProperties></Esri></metadata>
