<?xml version="1.0"?>
<!--<!DOCTYPE metadata SYSTEM "http://www.esri.com/metadata/esriprof80.dtd">-->
<metadata xml:lang="en"><Esri><MetaID>{CBD7CDC7-91B4-4A33-9E34-21BE6773EAA5}</MetaID><CreaDate>20100915</CreaDate><CreaTime>15144500</CreaTime><SyncOnce>TRUE</SyncOnce><DataProperties><lineage><Process ToolSource="C:\Program Files (x86)\ArcGIS\ArcToolbox\Toolboxes\Data Management Tools.tbx\CopyFeatures" Date="20100915" Time="151445">CopyFeatures Targets_lyr E:\Projects\Zoology\Fish\Shapefiles\Gila_bicolor.shp # 0 0 0</Process></lineage></DataProperties></Esri></metadata>
