<?xml version="1.0"?>
<!--<!DOCTYPE metadata SYSTEM "http://www.esri.com/metadata/esriprof80.dtd">-->
<metadata xml:lang="en"><Esri><MetaID>{8A794176-DF69-41F8-BD88-4477C083DFE8}</MetaID><CreaDate>20100915</CreaDate><CreaTime>15424000</CreaTime><SyncOnce>TRUE</SyncOnce><DataProperties><lineage><Process ToolSource="C:\Program Files (x86)\ArcGIS\ArcToolbox\Toolboxes\Data Management Tools.tbx\CopyFeatures" Date="20100915" Time="154240">CopyFeatures Targets_lyr E:\Projects\Zoology\Fish\Shapefiles\Gila_ditaenia.shp # 0 0 0</Process></lineage></DataProperties></Esri></metadata>
