<?xml version="1.0"?>
<!--<!DOCTYPE metadata SYSTEM "http://www.esri.com/metadata/esriprof80.dtd">-->
<metadata xml:lang="en"><Esri><MetaID>{E47A1619-7D31-4CAF-9EC9-443130AF27D8}</MetaID><CreaDate>20100915</CreaDate><CreaTime>15531000</CreaTime><SyncOnce>TRUE</SyncOnce><DataProperties><lineage><Process ToolSource="C:\Program Files (x86)\ArcGIS\ArcToolbox\Toolboxes\Data Management Tools.tbx\CopyFeatures" Date="20100915" Time="155310">CopyFeatures Targets_lyr E:\Projects\Zoology\Fish\Shapefiles\Gila_robusta.shp # 0 0 0</Process></lineage></DataProperties></Esri></metadata>
