<?xml version="1.0"?>
<!--<!DOCTYPE metadata SYSTEM "http://www.esri.com/metadata/esriprof80.dtd">-->
<metadata xml:lang="en"><Esri><MetaID>{2E9042E1-C7EB-4156-8C11-A7D38F4C34AE}</MetaID><CreaDate>20100915</CreaDate><CreaTime>15274300</CreaTime><SyncOnce>TRUE</SyncOnce><DataProperties><lineage><Process ToolSource="C:\Program Files (x86)\ArcGIS\ArcToolbox\Toolboxes\Data Management Tools.tbx\CopyFeatures" Date="20100915" Time="152743">CopyFeatures Targets_lyr E:\Projects\Zoology\Fish\Shapefiles\Gila_alvordensis.shp # 0 0 0</Process></lineage></DataProperties></Esri></metadata>
