<?xml version="1.0"?>
<!--<!DOCTYPE metadata SYSTEM "http://www.esri.com/metadata/esriprof80.dtd">-->
<metadata xml:lang="en"><Esri><MetaID>{23783C16-159C-423F-BD67-C1F7F7180C62}</MetaID><CreaDate>20100915</CreaDate><CreaTime>15135000</CreaTime><SyncOnce>TRUE</SyncOnce><DataProperties><lineage><Process ToolSource="C:\Program Files (x86)\ArcGIS\ArcToolbox\Toolboxes\Data Management Tools.tbx\CopyFeatures" Date="20100915" Time="151350">CopyFeatures Targets_lyr E:\Projects\Zoology\Fish\Shapefiles\Gobiomorus_dormitor.shp # 0 0 0</Process></lineage></DataProperties></Esri></metadata>
