<?xml version="1.0"?>
<!--<!DOCTYPE metadata SYSTEM "http://www.esri.com/metadata/esriprof80.dtd">-->
<metadata xml:lang="en"><Esri><MetaID>{FFBE0813-0949-413F-8344-DC74A9CAAC8C}</MetaID><CreaDate>20100915</CreaDate><CreaTime>15331700</CreaTime><SyncOnce>TRUE</SyncOnce><DataProperties><lineage><Process ToolSource="C:\Program Files (x86)\ArcGIS\ArcToolbox\Toolboxes\Data Management Tools.tbx\CopyFeatures" Date="20100915" Time="153317">CopyFeatures Targets_lyr E:\Projects\Zoology\Fish\Shapefiles\Acipenser_fulvescens.shp # 0 0 0</Process></lineage></DataProperties></Esri></metadata>
