<?xml version="1.0"?>
<!--<!DOCTYPE metadata SYSTEM "http://www.esri.com/metadata/esriprof80.dtd">-->
<metadata xml:lang="en"><Esri><MetaID>{A4E79309-E742-41E4-8AFB-FD362CF45C9B}</MetaID><CreaDate>20100915</CreaDate><CreaTime>15384400</CreaTime><SyncOnce>TRUE</SyncOnce><DataProperties><lineage><Process ToolSource="C:\Program Files (x86)\ArcGIS\ArcToolbox\Toolboxes\Data Management Tools.tbx\CopyFeatures" Date="20100915" Time="153844">CopyFeatures Targets_lyr E:\Projects\Zoology\Fish\Shapefiles\Acipenser_brevirostrum.shp # 0 0 0</Process></lineage></DataProperties></Esri></metadata>
