<?xml version="1.0"?>
<!--<!DOCTYPE metadata SYSTEM "http://www.esri.com/metadata/esriprof80.dtd">-->
<metadata xml:lang="en"><Esri><MetaID>{B2E52296-C7BA-4F0C-B688-63CE247FEFE7}</MetaID><CreaDate>20100915</CreaDate><CreaTime>14513000</CreaTime><SyncOnce>TRUE</SyncOnce><DataProperties><lineage><Process ToolSource="C:\Program Files (x86)\ArcGIS\ArcToolbox\Toolboxes\Data Management Tools.tbx\CopyFeatures" Date="20100915" Time="145130">CopyFeatures Targets_lyr E:\Projects\Zoology\Fish\Shapefiles\Acipenser_transmontanus.shp # 0 0 0</Process></lineage></DataProperties></Esri></metadata>
