<?xml version="1.0"?>
<!--<!DOCTYPE metadata SYSTEM "http://www.esri.com/metadata/esriprof80.dtd">-->
<metadata xml:lang="en"><Esri><MetaID>{37244307-201E-4593-94C8-D4BC46B0CB8E}</MetaID><CreaDate>20100915</CreaDate><CreaTime>15375000</CreaTime><SyncOnce>TRUE</SyncOnce><DataProperties><lineage><Process ToolSource="C:\Program Files (x86)\ArcGIS\ArcToolbox\Toolboxes\Data Management Tools.tbx\CopyFeatures" Date="20100915" Time="153750">CopyFeatures Targets_lyr E:\Projects\Zoology\Fish\Shapefiles\Acrocheilus_alutaceus.shp # 0 0 0</Process></lineage></DataProperties></Esri></metadata>
