<?xml version="1.0"?>
<!--<!DOCTYPE metadata SYSTEM "http://www.esri.com/metadata/esriprof80.dtd">-->
<metadata xml:lang="en"><Esri><MetaID>{106C1630-FA1A-4332-8AA8-8E82513CADB0}</MetaID><CreaDate>20100915</CreaDate><CreaTime>15364900</CreaTime><SyncOnce>TRUE</SyncOnce><DataProperties><lineage><Process ToolSource="C:\Program Files (x86)\ArcGIS\ArcToolbox\Toolboxes\Data Management Tools.tbx\CopyFeatures" Date="20100915" Time="153649">CopyFeatures Targets_lyr E:\Projects\Zoology\Fish\Shapefiles\Agosia_chrysogaster.shp # 0 0 0</Process></lineage></DataProperties></Esri></metadata>
