<?xml version="1.0"?>
<!--<!DOCTYPE metadata SYSTEM "http://www.esri.com/metadata/esriprof80.dtd">-->
<metadata xml:lang="en"><Esri><MetaID>{34820A42-8851-4CB2-B39F-2F1E15903219}</MetaID><CreaDate>20100915</CreaDate><CreaTime>15274100</CreaTime><SyncOnce>TRUE</SyncOnce><DataProperties><lineage><Process ToolSource="C:\Program Files (x86)\ArcGIS\ArcToolbox\Toolboxes\Data Management Tools.tbx\CopyFeatures" Date="20100915" Time="152741">CopyFeatures Targets_lyr E:\Projects\Zoology\Fish\Shapefiles\Alosa_mediocris.shp # 0 0 0</Process></lineage></DataProperties></Esri></metadata>
