<?xml version="1.0"?>
<!--<!DOCTYPE metadata SYSTEM "http://www.esri.com/metadata/esriprof80.dtd">-->
<metadata xml:lang="en"><Esri><MetaID>{FE49BF93-DA71-4A55-A7E3-76FBA3090876}</MetaID><CreaDate>20100915</CreaDate><CreaTime>15470300</CreaTime><SyncOnce>TRUE</SyncOnce><DataProperties><lineage><Process ToolSource="C:\Program Files (x86)\ArcGIS\ArcToolbox\Toolboxes\Data Management Tools.tbx\CopyFeatures" Date="20100915" Time="154703">CopyFeatures Targets_lyr E:\Projects\Zoology\Fish\Shapefiles\Alosa_pseudoharengus.shp # 0 0 0</Process></lineage></DataProperties></Esri></metadata>
