<?xml version="1.0"?>
<!--<!DOCTYPE metadata SYSTEM "http://www.esri.com/metadata/esriprof80.dtd">-->
<metadata xml:lang="en"><Esri><MetaID>{284D0F1B-F969-4976-B6D7-EE4CDF822E30}</MetaID><CreaDate>20100915</CreaDate><CreaTime>15373100</CreaTime><SyncOnce>TRUE</SyncOnce><DataProperties><lineage><Process ToolSource="C:\Program Files (x86)\ArcGIS\ArcToolbox\Toolboxes\Data Management Tools.tbx\CopyFeatures" Date="20100915" Time="153731">CopyFeatures Targets_lyr E:\Projects\Zoology\Fish\Shapefiles\Ameiurus_catus.shp # 0 0 0</Process></lineage></DataProperties></Esri></metadata>
