<?xml version="1.0"?>
<!--<!DOCTYPE metadata SYSTEM "http://www.esri.com/metadata/esriprof80.dtd">-->
<metadata xml:lang="en"><Esri><MetaID>{B5F57301-118B-4C1C-8FAC-73BCC702F670}</MetaID><CreaDate>20100915</CreaDate><CreaTime>15262800</CreaTime><SyncOnce>TRUE</SyncOnce><DataProperties><lineage><Process ToolSource="C:\Program Files (x86)\ArcGIS\ArcToolbox\Toolboxes\Data Management Tools.tbx\CopyFeatures" Date="20100915" Time="152628">CopyFeatures Targets_lyr E:\Projects\Zoology\Fish\Shapefiles\Ameiurus_nebulosus.shp # 0 0 0</Process></lineage></DataProperties></Esri></metadata>
