<?xml version="1.0"?>
<!--<!DOCTYPE metadata SYSTEM "http://www.esri.com/metadata/esriprof80.dtd">-->
<metadata xml:lang="en"><Esri><MetaID>{2FCA1E51-676C-45BE-A0B9-8A6A280AC982}</MetaID><CreaDate>20100915</CreaDate><CreaTime>15133100</CreaTime><SyncOnce>TRUE</SyncOnce><DataProperties><lineage><Process ToolSource="C:\Program Files (x86)\ArcGIS\ArcToolbox\Toolboxes\Data Management Tools.tbx\CopyFeatures" Date="20100915" Time="151331">CopyFeatures Targets_lyr E:\Projects\Zoology\Fish\Shapefiles\Ameiurus_serracanthus.shp # 0 0 0</Process></lineage></DataProperties></Esri></metadata>
