<?xml version="1.0"?>
<!--<!DOCTYPE metadata SYSTEM "http://www.esri.com/metadata/esriprof80.dtd">-->
<metadata xml:lang="en"><Esri><MetaID>{B5D55562-5013-49C5-AB3C-B87D870FDB5E}</MetaID><CreaDate>20100915</CreaDate><CreaTime>15424800</CreaTime><SyncOnce>TRUE</SyncOnce><DataProperties><lineage><Process ToolSource="C:\Program Files (x86)\ArcGIS\ArcToolbox\Toolboxes\Data Management Tools.tbx\CopyFeatures" Date="20100915" Time="154248">CopyFeatures Targets_lyr E:\Projects\Zoology\Fish\Shapefiles\Ammocrypta_meridiana.shp # 0 0 0</Process></lineage></DataProperties></Esri></metadata>
