<?xml version="1.0"?>
<!--<!DOCTYPE metadata SYSTEM "http://www.esri.com/metadata/esriprof80.dtd">-->
<metadata xml:lang="en"><Esri><MetaID>{052D48C8-E4DA-4C8D-91FB-C6AA3F3DDA88}</MetaID><CreaDate>20100915</CreaDate><CreaTime>15460200</CreaTime><SyncOnce>TRUE</SyncOnce><DataProperties><lineage><Process ToolSource="C:\Program Files (x86)\ArcGIS\ArcToolbox\Toolboxes\Data Management Tools.tbx\CopyFeatures" Date="20100915" Time="154602">CopyFeatures Targets_lyr E:\Projects\Zoology\Fish\Shapefiles\Ammocrypta_clara.shp # 0 0 0</Process></lineage></DataProperties></Esri></metadata>
