<?xml version="1.0"?>
<!--<!DOCTYPE metadata SYSTEM "http://www.esri.com/metadata/esriprof80.dtd">-->
<metadata xml:lang="en"><Esri><MetaID>{84CC2BCA-BE1A-4F14-97B8-9DF80B834BDD}</MetaID><CreaDate>20100915</CreaDate><CreaTime>14503600</CreaTime><SyncOnce>TRUE</SyncOnce><DataProperties><lineage><Process ToolSource="C:\Program Files (x86)\ArcGIS\ArcToolbox\Toolboxes\Data Management Tools.tbx\CopyFeatures" Date="20100915" Time="145036">CopyFeatures Targets_lyr E:\Projects\Zoology\Fish\Shapefiles\Ammocrypta_vivax.shp # 0 0 0</Process></lineage></DataProperties></Esri></metadata>
