<?xml version="1.0"?>
<!--<!DOCTYPE metadata SYSTEM "http://www.esri.com/metadata/esriprof80.dtd">-->
<metadata xml:lang="en"><Esri><MetaID>{7977F6B8-26E0-4A6F-BD7E-EF571D0DFAD8}</MetaID><CreaDate>20100915</CreaDate><CreaTime>15341700</CreaTime><SyncOnce>TRUE</SyncOnce><DataProperties><lineage><Process ToolSource="C:\Program Files (x86)\ArcGIS\ArcToolbox\Toolboxes\Data Management Tools.tbx\CopyFeatures" Date="20100915" Time="153417">CopyFeatures Targets_lyr E:\Projects\Zoology\Fish\Shapefiles\Ammocrypta_bifascia.shp # 0 0 0</Process></lineage></DataProperties></Esri></metadata>
