<?xml version="1.0"?>
<!--<!DOCTYPE metadata SYSTEM "http://www.esri.com/metadata/esriprof80.dtd">-->
<metadata xml:lang="en"><Esri><MetaID>{E9B6A0E5-8541-4CE1-9136-8974EB3ED7CC}</MetaID><CreaDate>20100915</CreaDate><CreaTime>15225100</CreaTime><SyncOnce>TRUE</SyncOnce><DataProperties><lineage><Process ToolSource="C:\Program Files (x86)\ArcGIS\ArcToolbox\Toolboxes\Data Management Tools.tbx\CopyFeatures" Date="20100915" Time="152251">CopyFeatures Targets_lyr E:\Projects\Zoology\Fish\Shapefiles\Anguilla_rostrata.shp # 0 0 0</Process></lineage></DataProperties></Esri></metadata>
