<?xml version="1.0"?>
<!--<!DOCTYPE metadata SYSTEM "http://www.esri.com/metadata/esriprof80.dtd">-->
<metadata xml:lang="en"><Esri><MetaID>{71438A8F-A7EE-4328-8208-03881C802C9C}</MetaID><CreaDate>20100915</CreaDate><CreaTime>15134800</CreaTime><SyncOnce>TRUE</SyncOnce><DataProperties><lineage><Process ToolSource="C:\Program Files (x86)\ArcGIS\ArcToolbox\Toolboxes\Data Management Tools.tbx\CopyFeatures" Date="20100915" Time="151348">CopyFeatures Targets_lyr E:\Projects\Zoology\Fish\Shapefiles\Apeltes_quadracus.shp # 0 0 0</Process></lineage></DataProperties></Esri></metadata>
