<?xml version="1.0"?>
<!--<!DOCTYPE metadata SYSTEM "http://www.esri.com/metadata/esriprof80.dtd">-->
<metadata xml:lang="en"><Esri><MetaID>{61777850-9E2F-4F81-BEA3-99FA2A1BCCDD}</MetaID><CreaDate>20100915</CreaDate><CreaTime>14500700</CreaTime><SyncOnce>TRUE</SyncOnce><DataProperties><lineage><Process ToolSource="C:\Program Files (x86)\ArcGIS\ArcToolbox\Toolboxes\Data Management Tools.tbx\CopyFeatures" Date="20100915" Time="145007">CopyFeatures Targets_lyr E:\Projects\Zoology\Fish\Shapefiles\Aphredoderus_sayanus.shp # 0 0 0</Process></lineage></DataProperties></Esri></metadata>
