<?xml version="1.0"?>
<!--<!DOCTYPE metadata SYSTEM "http://www.esri.com/metadata/esriprof80.dtd">-->
<metadata xml:lang="en"><Esri><MetaID>{1AB345C5-6BF4-44E5-B77F-289405556C41}</MetaID><CreaDate>20100915</CreaDate><CreaTime>15371200</CreaTime><SyncOnce>TRUE</SyncOnce><DataProperties><lineage><Process ToolSource="C:\Program Files (x86)\ArcGIS\ArcToolbox\Toolboxes\Data Management Tools.tbx\CopyFeatures" Date="20100915" Time="153712">CopyFeatures Targets_lyr E:\Projects\Zoology\Fish\Shapefiles\Archoplites_interruptus.shp # 0 0 0</Process></lineage></DataProperties></Esri></metadata>
