<?xml version="1.0"?>
<!--<!DOCTYPE metadata SYSTEM "http://www.esri.com/metadata/esriprof80.dtd">-->
<metadata xml:lang="en"><Esri><MetaID>{396A658B-E843-4833-A793-3E8FB7D293A5}</MetaID><CreaDate>20100915</CreaDate><CreaTime>15370200</CreaTime><SyncOnce>TRUE</SyncOnce><DataProperties><lineage><Process ToolSource="C:\Program Files (x86)\ArcGIS\ArcToolbox\Toolboxes\Data Management Tools.tbx\CopyFeatures" Date="20100915" Time="153702">CopyFeatures Targets_lyr E:\Projects\Zoology\Fish\Shapefiles\Ariopsis_felis.shp # 0 0 0</Process></lineage></DataProperties></Esri></metadata>
