<?xml version="1.0"?>
<!--<!DOCTYPE metadata SYSTEM "http://www.esri.com/metadata/esriprof80.dtd">-->
<metadata xml:lang="en"><Esri><MetaID>{38E1BD64-6EF2-4698-BD71-109EE988E0F9}</MetaID><CreaDate>20100915</CreaDate><CreaTime>15253400</CreaTime><SyncOnce>TRUE</SyncOnce><DataProperties><lineage><Process ToolSource="C:\Program Files (x86)\ArcGIS\ArcToolbox\Toolboxes\Data Management Tools.tbx\CopyFeatures" Date="20100915" Time="152534">CopyFeatures Targets_lyr E:\Projects\Zoology\Fish\Shapefiles\Awaous_banana.shp # 0 0 0</Process></lineage></DataProperties></Esri></metadata>
