<?xml version="1.0"?>
<!--<!DOCTYPE metadata SYSTEM "http://www.esri.com/metadata/esriprof80.dtd">-->
<metadata xml:lang="en"><Esri><MetaID>{B0175471-DDF2-4E92-9237-AA8D4220958B}</MetaID><CreaDate>20100915</CreaDate><CreaTime>14520200</CreaTime><SyncOnce>TRUE</SyncOnce><DataProperties><lineage><Process ToolSource="C:\Program Files (x86)\ArcGIS\ArcToolbox\Toolboxes\Data Management Tools.tbx\CopyFeatures" Date="20100915" Time="145202">CopyFeatures Targets_lyr E:\Projects\Zoology\Fish\Shapefiles\Salvelinus_agassizii.shp # 0 0 0</Process></lineage></DataProperties></Esri></metadata>
