<?xml version="1.0"?>
<!--<!DOCTYPE metadata SYSTEM "http://www.esri.com/metadata/esriprof80.dtd">-->
<metadata xml:lang="en"><Esri><MetaID>{84F3F0A2-DFE1-4861-9B68-E5D5318E0D8D}</MetaID><CreaDate>20100915</CreaDate><CreaTime>15205000</CreaTime><SyncOnce>TRUE</SyncOnce><DataProperties><lineage><Process ToolSource="C:\Program Files (x86)\ArcGIS\ArcToolbox\Toolboxes\Data Management Tools.tbx\CopyFeatures" Date="20100915" Time="152050">CopyFeatures Targets_lyr E:\Projects\Zoology\Fish\Shapefiles\Sander_canadensis.shp # 0 0 0</Process></lineage></DataProperties></Esri></metadata>
