<?xml version="1.0"?>
<!--<!DOCTYPE metadata SYSTEM "http://www.esri.com/metadata/esriprof80.dtd">-->
<metadata xml:lang="en"><Esri><MetaID>{975407F8-C041-4CF6-8C78-5512E6246573}</MetaID><CreaDate>20100915</CreaDate><CreaTime>15263000</CreaTime><SyncOnce>TRUE</SyncOnce><DataProperties><lineage><Process ToolSource="C:\Program Files (x86)\ArcGIS\ArcToolbox\Toolboxes\Data Management Tools.tbx\CopyFeatures" Date="20100915" Time="152630">CopyFeatures Targets_lyr E:\Projects\Zoology\Fish\Shapefiles\Spirinchus_thaleichthys.shp # 0 0 0</Process></lineage></DataProperties></Esri></metadata>
