<?xml version="1.0"?>
<!--<!DOCTYPE metadata SYSTEM "http://www.esri.com/metadata/esriprof80.dtd">-->
<metadata xml:lang="en"><Esri><MetaID>{5B6A9ECE-1ABD-4B73-830B-AC2FB66A66CB}</MetaID><CreaDate>20100915</CreaDate><CreaTime>15543300</CreaTime><SyncOnce>TRUE</SyncOnce><DataProperties><lineage><Process ToolSource="C:\Program Files (x86)\ArcGIS\ArcToolbox\Toolboxes\Data Management Tools.tbx\CopyFeatures" Date="20100915" Time="155433">CopyFeatures Targets_lyr E:\Projects\Zoology\Fish\Shapefiles\Rhinichthys_atratulus.shp # 0 0 0</Process></lineage></DataProperties></Esri></metadata>
